"Country","Year","Rank","Total","S1: Demographic Pressures","S2: Refugees and IDPs","C3: Group Grievance","E3: Human Flight and Brain Drain","E2: Economic Inequality","E1: Economy","P1: State Legitimacy","P2: Public Services","P3: Human Rights","C1: Security Apparatus","C2: Factionalized Elites","X1: External Intervention","...17","ISO"
"Somalia",2023,"1st",111.9,10,9,8.7,8.6,9.1,9.5,9.6,9.8,9,9.5,10,9.1,NA,"SOM"
"Yemen",2023,"2nd",108.9,9.6,9.6,8.8,6.4,7.9,9.9,9.8,9.6,9.6,8.6,9.9,9.2,NA,"YEM"
"South Sudan",2023,"3rd",108.5,9.7,10,8.6,6.5,8.6,8.6,9.8,9.7,8.7,9.9,9.2,9.2,NA,"SSD"
"Congo Democratic Republic",2023,"4th",107.2,9.7,9.8,9.4,6.4,8.4,8.1,9.3,9.3,9.3,8.8,9.6,9.1,NA,"COD"
"Syria",2023,"5th",107.1,7.4,9.1,9.1,8,6.5,9.6,10,9,9.1,9.4,9.9,10,NA,"SYR"
"Afghanistan",2023,"6th",106.6,9.2,8.6,8.3,8.5,8.2,9.6,9.4,10,8.7,9.7,8.7,7.7,NA,"AFG"
"Sudan",2023,"7th",106.2,8.8,9.6,9.3,7.5,8.5,9.3,9.4,8.6,9.2,8.3,9.6,8.1,NA,"SDN"
"Central African Republic",2023,"8th",105.7,9.3,9.5,8.1,6.2,9.6,8.2,8.9,10,9.1,8,9.4,9.4,NA,"CAF"
"Chad",2023,"9th",104.6,9.5,9,8.1,7.7,8.7,8.4,9.1,9.6,8.4,8.7,9.5,7.9,NA,"TCD"
"Haiti",2023,"10th",102.9,8.8,7.7,5.5,8.3,9.2,8.9,9.9,9.8,8.7,6.8,9.7,9.6,NA,"HTI"
"Ethiopia",2023,"11th",100.4,9.8,9.5,8.9,6.2,7.5,6.8,8.2,8.7,8.8,8.6,9.3,8.1,NA,"ETH"
"Myanmar",2023,"12th",100.2,7,9.2,9.7,6.3,7.3,7.6,9.3,9.1,9.3,9.1,9,7.3,NA,"MMR"
"Mali",2023,"13th",99.5,8.8,8.5,8.5,7.7,7.2,7.5,8.6,8.9,7.5,9.6,7.2,9.5,NA,"MLI"
"Guinea",2023,"14th",98.5,8.8,6.2,9.4,6.3,7.5,8,9.7,9.4,7.3,8.7,10,7.2,NA,"GIN"
"Nigeria",2023,"15th",98,9.6,6.4,8.6,6.7,8.1,8.8,8.2,8.8,8.6,9,9.6,5.6,NA,"NGA"
"Zimbabwe",2023,"16th",96.9,8.7,7.6,5.9,7.1,7.8,9.2,8.9,8.8,7.8,8.4,10,6.7,NA,"ZWE"
"Libya",2023,"17th",96.1,6,7.5,7.3,5,6.4,8.9,9.6,8,9.3,9.5,9.3,9.3,NA,"LBY"
"Ukraine",2023,"18th",95.9,7.3,10,6.8,8.9,4.9,8.5,6.4,7.3,7.8,10,8,10,NA,"UKR"
"Eritrea",2023,"19th",94.5,7.7,6.6,8.7,8.6,7.9,7.1,9.7,8.1,9.1,6,8.4,6.6,NA,"ERI"
"Burundi",2023,"20th",94.2,8.7,8,6.7,5.2,7.2,8.8,9.1,8,8.6,7.8,8.5,7.6,NA,"BDI"
"Burkina Faso",2023,"21st",94,8.3,8.2,5.8,7,8.3,7.2,7.4,8.6,7,9.3,8.2,8.7,NA,"BFA"
"Mozambique",2023,"22nd",94,9.6,7.9,7.4,7.1,9.2,7.7,7.1,9.7,7.2,7,6.3,7.8,NA,"MOZ"
"Cameroon",2023,"23rd",94,9,8.4,8.1,6.9,7.4,6,8.8,8.3,7.3,8.1,9.3,6.4,NA,"CMR"
"Niger",2023,"24th",93.4,8.9,7.9,7.7,6.6,7.8,6.4,6.6,9.5,6.7,8.3,9.6,7.4,NA,"NER"
"Lebanon",2023,"25th",91.8,5.8,8.8,8.1,6.5,6.6,9.2,7.7,6.8,7.1,7.3,9.6,8.3,NA,"LBN"
"Uganda",2023,"26th",91.5,9.2,8.9,7.6,6.1,7.4,6.4,8.2,8,7.2,6.3,8.9,7.3,NA,"UGA"
"Iraq",2023,"27th",91.4,8.2,7.7,8,6.1,5.7,6.3,8.3,8.3,7.8,7.5,9.6,7.9,NA,"IRQ"
"Congo Republic",2023,"28th",90.7,8.5,6.5,8.8,6.2,7.5,9.3,9.1,8.7,7.2,6.4,6.7,5.8,NA,"COG"
"Venezuela",2023,"29th",90.5,6.5,6.5,6.4,6.5,6.9,9.4,9.6,8.3,8.6,6.7,9.4,5.7,NA,"VEN"
"Sri Lanka",2023,"30th",90.3,7.2,6.6,8.4,7.6,6,8.3,8,6,8.4,6.8,9.1,7.9,NA,"LKA"
"Guinea Bissau",2023,"31st",89.9,8.9,5.5,3.7,6.7,8.9,7.2,9.1,8.9,6,7.9,9.9,7.2,NA,"GNB"
"Pakistan",2023,"32nd",89.9,8.3,7.6,9,5.8,4.9,6.7,7.4,7.5,7.5,7.6,9.3,8.3,NA,"PAK"
"Liberia",2023,"33rd",88.9,8.4,7.4,4.6,6.7,7.5,8.3,6.2,9.1,7.5,6.8,8.9,7.5,NA,"LBR"
"Palestine",2023,"34th",87.9,8.3,6.2,5.8,8.9,4.9,6.2,9.1,4.4,7.6,7.9,8.6,10,NA,"PSE"
"Kenya",2023,"35th",87.8,8.1,7.3,8,6.4,7.4,6.4,7.3,8,6.3,6.8,8.9,6.9,NA,"KEN"
"Cote d'Ivoire",2023,"36th",87.1,8.6,6,6.7,5.8,7.5,6.2,7.5,8.2,6.9,6.6,9.9,7.2,NA,"CIV"
"Mauritania",2023,"37th",87,8.6,8.3,7.6,5.7,7.2,6.3,7.8,8.4,6.4,5.7,8.8,6.2,NA,"MRT"
"North Korea",2023,"38th",87,7.3,3.2,4.6,3.2,7.3,8.7,9.8,8,9.4,7.4,9.2,8.9,NA,"PRK"
"Angola",2023,"39th",86.9,9.3,5.3,8.7,5.6,8.8,8.2,8.1,8.8,6.3,6.6,7.2,4,NA,"AGO"
"Iran",2023,"40th",85.4,6.8,5.5,9.6,4.9,4.5,7.6,9.8,4.1,9.9,7,9.6,6.1,NA,"IRN"
"Bangladesh",2023,"41st",85.2,7.7,7.5,8.8,6.8,5.9,5.1,7.5,7.9,7.3,6.8,9.3,4.6,NA,"BGD"
"Equatorial Guinea",2023,"42nd",84.4,9.1,5.5,7.5,3.7,7.6,6.7,9.9,8.5,8.2,5.9,8.2,3.6,NA,"GNQ"
"Malawi",2023,"43rd",83.2,9.6,6,4.1,6.4,7.8,8.1,7.5,8.2,5.1,4.2,8.7,7.5,NA,"MWI"
"Rwanda",2023,"44th",82.3,7.2,7.3,9,6.1,7.8,6.4,6.7,6.7,6.2,5.2,8,5.7,NA,"RWA"
"Comoros",2023,"45th",82.2,8.2,5.5,4.8,7.2,7.7,7.3,8,8,5.7,5.6,8,6.2,NA,"COM"
"Djibouti",2023,"46th",82.2,7.1,7.1,5.3,4,7.2,7,8.8,7.6,7.9,5.3,7.3,7.6,NA,"DJI"
"Togo",2023,"47th",82.1,7.4,5.7,6.6,6.5,8.1,7,7.6,8.1,6.4,5.8,7.6,5.3,NA,"TGO"
"Zambia",2023,"48th",81.8,9.4,4.9,5.9,6.3,9.1,8.2,6.7,8.1,7.5,3.9,5.6,6.2,NA,"ZMB"
"Madagascar",2023,"49th",81.7,9.6,5,3.8,5.9,9.2,7.7,6.7,9.3,6,5.7,7.8,5,NA,"MDG"
"Egypt",2023,"50th",81.6,6.7,5.5,7.7,5,4.5,7.1,8.6,4.7,9.2,7,9.1,6.5,NA,"EGY"
"Sierra Leone",2023,"51st",81.4,8.4,7.4,5.4,7,7.5,8.5,5.5,8.6,5.6,3.6,7.8,6.1,NA,"SLE"
"Turkey",2023,"52nd",81.2,4.5,8.2,9.5,3.7,6.6,6.9,7.3,4.8,8,6.6,8.8,6.3,NA,"TUR"
"Russia",2023,"53rd",80.7,4.8,4.8,7.8,3.9,5.2,7.7,9.1,3.7,9.3,8.3,8.4,7.7,NA,"RUS"
"Cambodia",2023,"54th",80.3,6.4,3.9,5.5,6,6.4,5.2,9.1,7.4,8.3,6.4,8.7,7,NA,"KHM"
"Nepal",2023,"55th",80.2,8.1,6.6,8.8,6.1,5.3,5.1,6.6,7.1,6.3,5.5,8.8,5.9,NA,"NPL"
"Solomon Islands",2023,"56th",79.6,7.1,5,5.5,5.9,7.8,6.4,6.2,8,4,5,8.7,10,NA,"SLB"
"Honduras",2023,"57th",79.6,6.9,5.8,4.9,6.7,6.7,6.3,6.8,7.8,7.6,6.8,7,6.3,NA,"HND"
"Swaziland",2023,"58th",79.1,8.7,3.7,2,6,7.8,9.4,8.8,7.1,8.2,4.5,6.8,6.1,NA,"SWZ"
"Colombia",2023,"59th",78.1,7.8,7.8,7.3,4.6,6.4,6.2,5.3,6,7.5,6.7,7.6,4.9,NA,"COL"
"Papua New Guinea",2023,"60th",78.1,7.4,4.9,4.5,5.9,8.2,6.8,5.7,9.4,6.7,6.5,7.1,5,NA,"PNG"
"Philippines",2023,"61st",77.8,7.9,5.8,6.8,4.9,4.7,4.4,6.8,6.5,7.5,9.1,8,5.4,NA,"PHL"
"Nicaragua",2023,"62nd",77.7,5,5.1,5.6,7.3,6.7,6,9.1,6.5,7.5,5.6,7.1,6.2,NA,"NIC"
"Timor-Leste",2023,"63rd",77.5,8.7,5.7,5,6.6,5.9,7.1,4.9,7.2,4.5,5.6,8.3,8,NA,"TLS"
"Guatemala",2023,"64th",77.3,7.1,5.3,9.3,6.5,6.5,4.7,6.8,6.8,7.6,6.2,7.1,3.4,NA,"GTM"
"Tanzania",2023,"65th",76.6,8.6,4.9,5.2,6.4,7.3,6.2,6.9,8.4,5.6,4.6,6.5,6,NA,"TZA"
"Lesotho",2023,"66th",76.3,8.6,3.9,3.1,7.5,7.9,8.4,4.9,7.2,4.9,5.8,7.3,6.8,NA,"LSO"
"Gambia",2023,"67th",76.1,8.2,5.8,2.8,6.9,5.9,7.6,6.4,7.6,6.9,5.1,7.4,5.5,NA,"GMB"
"Jordan",2023,"68th",75.7,6.3,8.4,8.2,5.7,4.4,6.4,6.9,4.8,7.2,4.6,6.9,5.9,NA,"JOR"
"Kyrgyz Republic",2023,"69th",75.6,5.7,3.9,7.9,6.7,4.9,6.9,8.2,4.7,6.6,5.6,8.2,6.3,NA,"KGZ"
"Laos",2023,"70th",74.7,6.4,5.4,7.2,6.4,5.3,5.1,8.9,6.3,6.8,3.9,8.3,4.7,NA,"LAO"
"Brazil",2023,"71st",74.5,8.7,3.5,7.5,3.5,6.8,6.6,7.1,7.2,7.9,6.2,6.5,3,NA,"BRA"
"Tajikistan",2023,"72nd",74.2,7,3.8,6.7,5.4,4.3,5.7,9.4,4.7,8.6,5.5,8.4,4.7,NA,"TJK"
"India",2023,"73rd",74.1,8.5,4.1,8.1,4.9,5.8,6.2,4.5,7.3,7.5,6,7.3,3.9,NA,"IND"
"Benin",2023,"74th",73.3,8,5.9,2.6,6.1,7.8,6.8,5.3,8.3,5.7,5.2,6.7,4.9,NA,"BEN"
"Peru",2023,"75th",73.1,7.6,4.5,8,5.8,6.2,4.6,7.3,7.2,5.7,6,8.4,1.8,NA,"PER"
"Azerbaijan",2023,"76th",72.7,3.8,6.3,5.9,4.6,4.5,4.5,9.2,4.9,7.5,5.8,7.9,7.8,NA,"AZE"
"Bosnia and Herzegovina",2023,"77th",72.3,6.1,7.2,6.4,7.1,3.9,6.6,6.4,4.2,4.3,4.4,8.7,7,NA,"BIH"
"South Africa",2023,"78th",72,8,4,6,4.5,6.9,8.1,6.1,7.1,4.8,6.6,6.8,3.1,NA,"ZAF"
"Georgia",2023,"79th",71.9,4.7,6.5,7.1,6.5,4.4,5.3,8,3.8,5,5,8.8,6.8,NA,"GEO"
"Senegal",2023,"80th",71.5,7.4,5.8,5,6.9,6.3,7.5,3.7,7.9,4.6,4.5,7,4.9,NA,"SEN"
"Bolivia",2023,"81st",70.7,6.9,2.6,6.4,5.6,7.6,5.7,6.4,6.3,5.7,5.3,8.2,4,NA,"BOL"
"Fiji",2023,"82nd",70.2,4.6,3.2,5.4,7.6,5,7.5,6.1,4.2,5.4,6.4,8.2,6.6,NA,"FJI"
"Algeria",2023,"83rd",70,5,6.2,7,5.1,5.2,6.2,7.6,5,6.9,5.8,6.9,3.1,NA,"DZA"
"Belarus",2023,"84th",69.9,4.8,3.2,5.3,4.6,3.3,5.3,9.4,2.7,8.3,5.4,9.6,8,NA,"BLR"
"Mexico",2023,"85th",69.8,6.9,5.5,6.1,4.7,5.7,4.5,6.3,6.3,5.6,8.3,5.9,4,NA,"MEX"
"Sao Tome and Principe",2023,"86th",69.7,6.9,5.2,4.2,7.3,6.7,8.9,3.8,6.6,2.4,4.1,6.3,7.3,NA,"STP"
"Ecuador",2023,"87th",69.4,6.7,5,5.9,4.2,6.2,6,6.4,6,4.3,6,8.2,4.5,NA,"ECU"
"Micronesia",2023,"88th",69.3,5.8,4.2,3.7,8.4,6.8,8.3,4.1,6.2,3.3,3.1,5.6,9.8,NA,NA
"El Salvador",2023,"89th",69.3,6.8,5.3,5.3,8.7,5.1,5.5,5.2,6.2,5.4,6,4.8,5,NA,"SLV"
"Morocco",2023,"90th",68.2,4.4,5.1,8.3,7.1,4.8,5.7,6.8,5.1,5.4,4.3,6.6,4.6,NA,"MAR"
"Thailand",2023,"91st",68,6.1,4.9,7.1,3.7,4.3,3.5,7.5,3.5,7.7,8,9.7,2,NA,"THA"
"Serbia",2023,"92nd",67.9,4.1,6.8,7.8,6,4.3,6.1,5.6,3.9,3.7,3.9,8.6,7.1,NA,"SRB"
"Armenia",2023,"93rd",67.5,3.8,6.8,5.9,7.2,2.8,6.4,6.3,3.4,5.8,5.7,6.4,7,NA,"ARM"
"Moldova",2023,"94th",67.4,5.4,6,5.8,8.1,3.6,6.4,4.9,4.6,3.9,4.5,7.8,6.4,NA,"MDA"
"Uzbekistan",2023,"95th",66.8,4.3,3.8,5.4,4.8,5.3,5.1,9,4,7.3,5.6,8.8,3.4,NA,"UZB"
"Bhutan",2023,"96th",66.4,5.4,5.8,9.7,5.5,4.3,5.6,2.8,5.6,5,2.7,7.5,6.5,NA,"BTN"
"Tunisia",2023,"97th",66.4,4.3,2.9,6.9,5.6,4.1,8,5.7,4.4,5.5,6.9,7.5,4.6,NA,"TUN"
"Indonesia",2023,"98th",65.6,7,4.4,6.9,5.7,4.4,4.1,4.7,5.9,6.5,5.2,7.1,3.7,NA,"IDN"
"Gabon",2023,"99th",65.5,6.7,2.6,3.1,4.6,5.8,5.9,8.1,6.8,6.1,4.2,7.7,3.9,NA,"GAB"
"Saudi Arabia",2023,"100th",65.3,4.3,3.2,9.5,2.7,4.8,3.6,7.6,3.8,8.1,5.1,8.5,4.1,NA,"SAU"
"Samoa",2023,"103rd",65.1,4.7,3.5,5.1,10,3.7,6.9,4.1,4.9,3.8,3.6,5.1,9.7,NA,"WSM"
"Bahrain",2023,"101st",65.1,4.1,1.4,9.5,3,5.7,3.6,8,2.9,8.7,5.3,7.6,5.3,NA,"BHR"
"China",2023,"102nd",65.1,6.5,3.1,6.5,3.2,6.1,3.3,8.1,4.7,9.4,4.9,7.2,2.1,NA,"CHN"
"Turkmenistan",2023,"104th",64.5,5.6,2.3,5.3,4.1,5.6,5.1,9.8,4.1,8,4.5,7.8,2.3,NA,"TKM"
"Paraguay",2023,"105th",63.7,5.7,2.9,4.7,4.7,6.9,4.9,6.4,5.7,5.1,5.7,7.8,3.2,NA,"PRY"
"Maldives",2023,"106th",62.9,5.2,3.5,3.4,5.2,2.6,5.2,6.9,5.4,6.9,4.9,8.1,5.6,NA,"MDV"
"Ghana",2023,"107th",62.3,7.4,3.5,3,6.8,6.6,5.8,3.2,6.8,3.8,4,5.9,5.5,NA,"GHA"
"Jamaica",2023,"108th",61.9,4.8,2.2,1.6,9.5,5.3,6.9,4.2,7,5.2,7,3.7,4.5,NA,"JAM"
"Guyana",2023,"109th",61.6,5.8,3,5.9,8.2,3.9,3.5,4.4,6.1,3.4,6.5,4.8,6.1,NA,"GUY"
"Dominican Republic",2023,"110th",60.8,6.4,2.6,4.6,6.7,4.7,4.6,5.4,6.4,4.1,5.5,6.2,3.6,NA,"DOM"
"Kazakhstan",2023,"111th",60.6,4.1,2.3,7.4,4.6,2.6,5.1,8.4,4,7.1,4,7.9,3.1,NA,"KAZ"
"Namibia",2023,"112th",60.3,8.1,3.6,4.2,5.9,6.9,6.8,3.1,7.2,2.2,4.2,3.5,4.6,NA,"NAM"
"Macedonia",2023,"113th",60.3,4.2,6.3,5.4,6.4,4.3,6.3,4.5,4.2,2.4,4.1,7.3,4.9,NA,"MKD"
"Cape Verde",2023,"114th",60.1,6.2,3.6,2.4,8,5,5.9,3.5,5.6,2.3,4.2,5.5,7.9,NA,"CPV"
"Belize",2023,"115th",59.8,5,3,4.7,5,3.6,6.9,3.4,5.4,5.6,6.8,4.3,6.1,NA,"BLZ"
"Suriname",2023,"116th",59.7,5.5,2.8,7,5.7,4.7,7.7,4,4.7,4,3.4,5.8,4.4,NA,"SUR"
"Cuba",2023,"117th",59.5,5.9,3.2,2.2,5.6,3.8,5.6,7.6,4.5,6.3,3.4,7,4.4,NA,"CUB"
"Vietnam",2023,"118th",58.3,4.4,3.9,4.8,4.7,3.5,3.6,8,3.8,7.5,3.5,6.9,3.7,NA,"VNM"
"Montenegro",2023,"119th",58,4.1,3.6,9.3,5.4,2.4,5.8,3.9,3.8,2.9,4,6.5,6.3,NA,"MNE"
"Cyprus",2023,"120th",57,3.4,5.9,4.5,3.5,4.5,5.6,4.2,3.3,3,2.9,7.9,8.3,NA,"CYP"
"Albania",2023,"121st",56.8,4.1,2.8,3.5,8.5,2.9,6.1,5,3.8,3.6,4.8,6.2,5.5,NA,"ALB"
"Botswana",2023,"122nd",55.3,7.8,3.1,3.7,4.5,6.8,6.6,2.5,6.3,5,3.4,3.3,2.3,NA,"BWA"
"Greece",2023,"123rd",55.1,4.1,5.3,4,4,3.2,6,5.8,4.3,3.9,3.3,4.1,7.1,NA,"GRC"
"Malaysia",2023,"124th",55,5.1,3.2,4.8,4.1,3.5,3,6.5,3.7,7.5,4.8,6.8,2,NA,"MYS"
"Brunei Darussalam",2023,"125th",54.7,2.8,1.1,7.1,3.4,6.9,3,7.7,2,6.3,3.9,7.4,3.1,NA,"BRN"
"Antigua and Barbuda",2023,"126th",53.8,3.7,2.7,3.6,6.2,5.1,6.6,3.6,3.8,3.8,4.9,3.7,6.1,NA,"ATG"
"Grenada",2023,"127th",53.7,4.1,2.2,3.6,7.7,4.6,5.9,3.7,4.1,1.5,4.8,5.6,5.9,NA,"GRD"
"Seychelles",2023,"128th",53.3,4.2,2.3,3.9,5.3,5.3,3.8,3.5,2.4,4.6,5.2,6,6.8,NA,"SYC"
"Romania",2023,"129th",53,4.5,4,5.4,5.6,4,4,4.4,5,4.1,1.9,5.7,4.4,NA,"ROU"
"Trinidad and Tobago",2023,"130th",52.9,4.1,2.5,3.4,6.8,4.7,3.9,3.5,4.3,3.5,7.3,5.6,3.3,NA,"TTO"
"Bulgaria",2023,"131st",51.8,5.4,4.4,4,5.2,4.7,4.4,3.5,3.9,3.2,4.1,5.3,3.7,NA,"BGR"
"Mongolia",2023,"132nd",51.3,4.8,2.3,2.3,4.2,5.2,5.1,4,4.8,4.2,2.9,5.5,6,NA,"MNG"
"Kuwait",2023,"133rd",51.2,4.4,2,4.7,2.5,4.8,2.6,7.2,2.7,7.4,2.4,7.5,3,NA,"KWT"
"Bahamas",2023,"134th",49.2,6.3,2.5,2.3,4.4,4.7,4.5,1.8,5.3,4.5,4.3,4.5,4.1,NA,"BHS"
"Hungary",2023,"135th",48.8,3.5,5.4,3.3,3.9,2.6,4.4,6.2,2.8,5.7,1.8,5.3,3.9,NA,"HUN"
"Panama",2023,"137th",48.7,4.9,2.4,6.2,3.6,6,3.5,3.7,4.9,4.4,4.6,2.7,1.8,NA,"PAN"
"Oman",2023,"136th",48.7,4.2,1.6,2.9,1.4,4.1,4.4,7.2,3.1,6.7,2.4,6.6,4.1,NA,"OMN"
"Croatia",2023,"138th",48.7,4.8,6.8,4.3,6.1,2.9,5.7,2.3,2.9,2,2,4.4,4.5,NA,"HRV"
"Argentina",2023,"139th",46.4,5.7,1.6,3.2,2.9,5.3,6.6,3.4,4.2,2.7,4.3,2.8,3.7,NA,"ARG"
"Barbados",2023,"140th",45.4,3.7,1.9,2.3,5.1,5,6,1.2,3.5,2.6,4.4,4.2,5.5,NA,"BRB"
"United States",2023,"141st",45.3,5.2,2.2,6.5,1.7,4,2.1,4.2,2.2,4.2,4.7,7.3,1,NA,"USA"
"Poland",2023,"142nd",45.2,3.8,5.9,5,4.6,2.4,3.6,3.7,3,4.4,1.8,4.2,2.8,NA,"POL"
"Israel",2023,"143rd",44.1,4.8,1.7,7.1,2.4,3.6,1,3.3,1.6,2.9,2.6,8.3,4.8,NA,"ISR"
"Spain",2023,"144th",43.5,3.3,1.9,7.3,1,3.5,4.5,6.3,2.9,1.8,2.8,6.9,1.3,NA,"ESP"
"Latvia",2023,"145th",43.3,3.2,3,7.7,5.8,3.7,3.9,1.8,3.3,1.9,2,4.3,2.7,NA,"LVA"
"Italy",2023,"146th",42.6,4.6,4.3,3.7,2.5,2.9,5.4,2,3.9,0.7,4.5,4.9,3.2,NA,"ITA"
"Chile",2023,"147th",42.2,5.9,1.5,3.8,3.3,4.9,4,4.4,3.9,3.6,3.6,2.2,1.1,NA,"CHL"
"United Kingdom",2023,"148th",41.9,3.4,2.4,6.1,2.4,3.7,5,3.6,2.6,2.7,2.9,5.8,1.3,NA,"GBR"
"Qatar",2023,"149th",40.5,3,1.3,2.8,1.1,5.3,1.1,6.4,2.3,5.5,1,5,5.7,NA,"QAT"
"Costa Rica",2023,"150th",40.4,2.9,4.9,2.4,2.9,5.1,5.5,1.2,4.1,1.2,2.9,3.8,3.5,NA,"CRI"
"Czech Republic",2023,"151st",40.2,3.2,4.5,4,3.5,1.9,4.4,3.9,2.9,1.9,2,5.3,2.7,NA,"CZE"
"Lithuania",2023,"152nd",39.4,3.6,2.9,2.7,5.6,4.1,3.7,1.2,3.7,1.9,2.2,3,4.8,NA,"LTU"
"Estonia",2023,"153rd",38.6,2.9,2.6,6.8,4.7,3,3.2,1,1.9,1.3,1.7,5.8,3.7,NA,"EST"
"Mauritius",2023,"154th",38,3.1,1.6,5,4.2,3.1,5,2.3,3.1,3.6,1,3.1,2.9,NA,"MUS"
"Slovak Republic",2023,"155th",37.8,2.6,3.3,5.5,4,2.2,4.1,3.2,2.6,2.3,1.2,4.7,2.1,NA,"SVK"
"United Arab Emirates",2023,"156th",37,3.6,1.4,2.2,2.1,3.1,1.6,6.4,2.1,6.8,2.3,3.6,1.8,NA,"ARE"
"Uruguay",2023,"157th",34.4,3.4,1.8,2.3,3.4,3.3,4.1,0.4,3.2,3.6,3.6,2.7,2.6,NA,"URY"
"Malta",2023,"158th",33,3.7,3.2,2.1,3.7,2.3,3.4,2.9,1.8,3.6,1.8,2,2.5,NA,"MLT"
"South Korea",2023,"159th",31.5,2.5,1.1,2.8,3.4,2.8,1.6,2.4,2.4,3.3,1.5,3.9,3.8,NA,"KOR"
"Belgium",2023,"160th",31.4,4.2,2.1,3.5,2.7,2.2,4.6,0.8,2.5,1,2.4,4.4,1,NA,"BEL"
"Japan",2023,"161st",30.5,5.9,2.6,1.9,2.7,2.9,3.5,0.3,1.8,2.8,1.5,2.6,2,NA,"JPN"
"France",2023,"162nd",28.8,3.1,2.4,6.4,2,2.9,3.4,1,1.2,1.1,2.9,1.9,0.5,NA,"FRA"
"Slovenia",2023,"163rd",27.3,3.6,2.6,3,3.6,2.7,3.2,1.4,2.4,1.4,0.3,2,1.1,NA,"SVN"
"Portugal",2023,"164th",25.7,4,1.4,0.7,3.1,2.4,3.9,0.8,2.7,1.4,0.3,2.5,2.5,NA,"PRT"
"Singapore",2023,"165th",25.5,2.5,0.5,2.8,1.3,3.4,1,3.7,1,4.5,0.4,4,0.4,NA,"SGP"
"Germany",2023,"166th",24.6,2.3,4.5,3.4,1.9,2.7,1.5,0.7,1.5,0.7,2.3,2.3,0.8,NA,"DEU"
"Austria",2023,"167th",24.4,3.6,4.5,3.3,1.7,2.5,1.2,0.6,1.7,0.4,1.4,3.2,0.3,NA,"AUT"
"Australia",2023,"168th",22,3.8,1.7,2.9,0.4,2.6,1.6,0.4,2.2,2.2,2.1,1.7,0.4,NA,"AUS"
"Netherlands",2023,"169th",21,2.5,2.4,3,2.3,1.8,1.6,0.3,1,0.5,1.8,3.4,0.4,NA,"NLD"
"Sweden",2023,"170th",20.6,3,3.7,2.3,0.6,2.3,1.3,0.5,1,1.5,2.1,1.8,0.5,NA,"SWE"
"Luxembourg",2023,"172nd",19.5,2.4,2.8,1.5,1.7,1.8,2.4,0.3,1.3,1.1,0.4,3.4,0.4,NA,"LUX"
"Ireland",2023,"171st",19.5,2.8,1.6,0.5,2.5,1.8,1.7,0.5,1.9,1.6,2.1,1.5,1,NA,"IRL"
"Canada",2023,"173rd",18.9,1.2,2,2,0.7,2.5,1.4,0.4,1.7,1.9,2.2,2.5,0.4,NA,"CAN"
"Denmark",2023,"174th",17.9,2.3,3,3.1,1,1.8,1,0.3,1.7,0.6,1.1,1.4,0.6,NA,"DNK"
"Switzerland",2023,"175th",17.8,2.4,3.2,2.1,1,2.4,1.6,0.3,1.6,0.4,1.4,1,0.4,NA,"CHE"
"New Zealand",2023,"176th",16.7,1.1,1.2,2,1.6,2.6,2.6,0.5,1.1,0.5,1.6,1.4,0.5,NA,"NZL"
"Finland",2023,"177th",16,1.7,1.9,0.3,1.5,1.6,2.7,0.4,1,0.5,2,1.4,1,NA,"FIN"
"Iceland",2023,"178th",15.7,1.5,1.5,0.5,1.6,1.5,2.6,0.4,0.9,0.4,0.4,1.8,2.6,NA,"ISL"
"Norway",2023,"179th",14.5,1.4,1.7,3.1,0.7,1.4,1.4,0.4,1,0.4,1.4,1.1,0.5,NA,"NOR"
"Yemen",2022,"1st",111.7,9.1,10,9.1,9.9,8,6.7,9.9,9.9,9.9,9.9,9.9,9.4,NA,"YEM"
"Somalia",2022,"2nd",110.5,9.4,10,8.4,9.1,9,8.7,9.5,9.9,8.8,10,8.7,9,NA,"SOM"
"Syria",2022,"3rd",108.4,9.5,9.9,9.4,9.3,6.8,8.1,10,9.3,9.4,7.3,9.4,10,NA,"SYR"
"South Sudan",2022,"3rd",108.4,9.8,9.2,8.5,8.9,8.7,6.6,9.6,9.8,8.6,9.6,10,9.1,NA,"SSD"
"Central African Republic",2022,"5th",108.1,8.3,9.7,8.4,8.2,9.7,6.5,9.2,10,9.4,9.2,9.8,9.7,NA,"CAF"
"Congo Democratic Republic",2022,"6th",107.3,8.7,9.6,9.3,8.3,8.4,6.7,9.3,9.5,9.3,9.7,9.7,8.8,NA,"COD"
"Sudan",2022,"7th",107.1,8.2,9.6,9.6,9.2,8.4,7.8,9.3,8.9,9.1,9.1,9.5,8.4,NA,"SDN"
"Afghanistan",2022,"8th",105.9,10,8.7,8.2,9.3,8.2,8,9.2,9.9,8.4,9.1,8.9,8,NA,"AFG"
"Chad",2022,"9th",105.7,8.6,9.5,8.4,8.7,8.8,8,9.4,9.7,8.3,9.6,9.1,7.6,NA,"TCD"
"Myanmar",2022,"10th",100,9,9,9.6,7.5,7.2,6.4,9.1,9,9.2,7.3,9.1,7.6,NA,"MMR"
"Haiti",2022,"11th",99.7,6.3,9.6,5.4,8.6,9.3,8.2,9.8,9.7,7.4,8.7,7.2,9.5,NA,"HTI"
"Guinea",2022,"12th",99.6,9,10,9.7,7.9,7.6,6.4,10,9.7,7,9.1,6.5,6.7,NA,"GIN"
"Ethiopia",2022,"13th",99.3,8.5,9.2,9.2,6,7,6.3,8.5,8.6,8.7,9.7,9.2,8.4,NA,"ETH"
"Mali",2022,"14th",98.6,9.7,7.2,8.2,7.2,7.3,7.8,8.5,8.9,7.2,8.8,8.4,9.4,NA,"MLI"
"Zimbabwe",2022,"15th",97.8,8.7,9.9,5.8,9.1,7.7,7,8.9,8.7,8.1,9,7.9,7,NA,"ZWE"
"Nigeria",2022,"16th",97.2,8.9,9.3,8.9,8.3,8,6.6,8.5,9.1,8.4,9.5,6.3,5.4,NA,"NGA"
"Cameroon",2022,"17th",96,8.4,9.3,8.4,6.5,7.7,7.2,8.7,8.3,7.6,8.8,8.4,6.7,NA,"CMR"
"Eritrea",2022,"18th",95.9,5.9,8.7,8.6,7.4,8.2,8.5,9.6,8,9,8,7.1,6.9,NA,"ERI"
"Burundi",2022,"19th",95.4,7.7,8.5,7,8.3,7.1,5.5,9.4,7.9,8.9,8.9,8.3,7.9,NA,"BDI"
"Niger",2022,"20th",95.2,8.6,9.6,7.6,6.5,7.9,6.9,6.8,9.6,7,8.8,8.2,7.7,NA,"NER"
"Libya",2022,"21st",94.3,9.3,9.1,7.2,8.6,5.9,5.1,9.4,7.7,8.8,6.2,7.4,9.6,NA,"LBY"
"Mozambique",2022,"21st",94.3,7.3,6.3,6.9,8,9.1,7.4,6.8,9.6,7.5,9.5,7.8,8.1,NA,"MOZ"
"Iraq",2022,"23rd",93.8,7.8,9.6,7.9,6.6,5.8,6.4,8.3,8.6,8.1,8.5,8,8.2,NA,"IRQ"
"Congo Republic",2022,"24th",92.2,6.7,6.7,8.7,9.3,7.8,6.5,9.1,9,7.5,8.3,6.8,5.8,NA,"COG"
"Uganda",2022,"25th",92.1,6.6,8.9,7.9,6.2,7.1,6.4,8.5,8.3,7.1,8.9,9.2,7,NA,"UGA"
"Venezuela",2022,"26th",91.6,7,9.4,6.7,9.9,6.8,6.6,9.6,8.6,8.8,6.8,6,5.4,NA,"VEN"
"Guinea Bissau",2022,"27th",91.3,7.4,9.6,4,7.5,9.4,6.8,9,9.1,6.3,8.9,5.8,7.5,NA,"GNB"
"Lebanon",2022,"27th",91.3,7.6,9.6,8,9.1,6.3,6.3,7.8,6.7,7.1,5.7,8.5,8.6,NA,"LBN"
"Burkina Faso",2022,"29th",90.5,8.7,7.8,5.5,6.9,8.1,7.1,6.4,8.8,6.5,8.4,7.7,8.6,NA,"BFA"
"Pakistan",2022,"30th",89.7,7.9,9,8.9,6.6,5,5.9,7.4,7.7,7.4,8.2,7.5,8.2,NA,"PAK"
"CÃ´te d'Ivoire",2022,"31st",89.6,6.9,9.9,7,6.3,7.8,6.1,7.8,8.3,7.2,8.5,6.3,7.5,NA,"CIV"
"North Korea",2022,"32nd",89.1,7.7,9.2,4.9,8.6,7.4,3.5,9.9,8.3,9.3,7.6,3.5,9.2,NA,"PRK"
"Liberia",2022,"33rd",88.2,6.3,8.9,4.3,8.2,7.1,6.8,6.5,9,7,8.5,7.8,7.8,NA,"LBR"
"Kenya",2022,"33rd",88.2,7.1,8.6,8,6.3,7.1,6.7,7.3,8.3,6.2,8.4,7.6,6.6,NA,"KEN"
"Angola",2022,"35th",88.1,6.9,7.2,8.4,8.3,8.8,5.9,8.3,9.1,6.1,9.2,5.6,4.3,NA,"AGO"
"Mauritania",2022,"36th",87.9,6,8.8,7.3,6.6,6.7,6.2,7.9,8.6,6.6,8.5,8.2,6.5,NA,"MRT"
"Palestine",2022,"37th",85.6,6.1,8.9,5.3,6.5,5,8.8,8.8,3.9,7.8,8.6,5.9,10,NA,"PSE"
"Bangladesh",2022,"38th",84.5,6.7,9.3,8.7,5.4,5.4,6.7,7.4,7.8,7.2,7.6,7.4,4.9,NA,"BGD"
"Equatorial Guinea",2022,"39th",84.1,5.6,8.2,7.2,6.6,7.9,4,9.8,8.8,8.1,8.8,5.2,3.9,NA,"GNQ"
"Iran",2022,"39th",84.1,6.6,9.6,9.2,7.3,4.6,5,9.3,4.4,9.8,6.5,5.4,6.4,NA,"IRN"
"Rwanda",2022,"41st",83.7,5.5,8,9.3,6.1,7.7,6.4,6.7,7,6.1,7.3,7.6,6,NA,"RWA"
"Egypt",2022,"42nd",83.6,7.3,9.1,8,7,4.8,5.1,8.6,5,9.5,7,5.8,6.4,NA,"EGY"
"Zambia",2022,"42nd",83.6,4.2,5.9,5.6,8.7,9.2,6.8,7.2,7.8,7.2,9.3,5.2,6.5,NA,"ZMB"
"Togo",2022,"42nd",83.6,6.1,7.6,6.3,7,8.2,6.8,7.9,8.2,6.5,7.4,6,5.6,NA,"TGO"
"Malawi",2022,"45th",83,4.5,8.7,4.4,7.8,7.9,6.7,7.4,8.5,5,9.5,5.5,7.1,NA,"MWI"
"Sierra Leone",2022,"46th",82.4,3.5,7.8,5.3,8.2,7.8,7.3,5.4,8.9,5.3,8.8,7.7,6.4,NA,"SLE"
"Comoros",2022,"47th",82.3,5.9,8,4.5,7.3,7.4,7.1,7.9,8.1,5.5,8.3,5.8,6.5,NA,"COM"
"Djibouti",2022,"48th",81.3,5,7.3,5,6.7,7.2,4.3,8.5,7.4,7.4,7.2,7.4,7.9,NA,"DJI"
"Nepal",2022,"49th",80.6,5,8.8,9.1,5.6,5.6,6.1,6.1,7.4,6,8.4,6.9,5.6,NA,"NPL"
"Cambodia",2022,"50th",80.5,6.1,8.4,5.8,5.5,6.3,6.3,8.8,7.9,7.8,6.9,4.2,6.5,NA,"KHM"
"Philippines",2022,"50th",80.5,9.4,8,7,4.9,4.9,5.1,7.1,6.5,7.8,8.1,6,5.7,NA,"PHL"
"Madagascar",2022,"52nd",80.4,6,7.8,3.6,7.6,9.1,5.8,7,8.8,5.9,9.5,4,5.3,NA,"MDG"
"Swaziland",2022,"52nd",80.4,4.8,6.8,1.9,9.3,7.9,6.3,8.7,7.4,7.9,9,4,6.4,NA,"SWZ"
"Solomon Islands",2022,"52nd",80.4,5.3,8.7,5.8,6.7,7.9,6.2,6.1,8.1,3.9,7.4,4.7,9.6,NA,"SLB"
"Papua New Guinea",2022,"55th",79.5,6.4,7.1,4.8,7.1,8.5,6.2,5.8,9.4,6.6,7.7,4.6,5.3,NA,"PNG"
"Sri Lanka",2022,"56th",79.3,6.5,9.1,8.1,5.5,5.6,6.6,6,5,7.9,6.7,6.9,5.4,NA,"LKA"
"Timor-Leste",2022,"56th",79.3,5.9,8.3,5.3,7.4,6.1,6.9,5.2,7.3,4.2,9,5.4,8.3,NA,"TLS"
"Honduras",2022,"58th",78.7,6.7,7,4.8,6,6.7,6.9,7.1,7.3,7.5,6.8,5.3,6.6,NA,"HND"
"Gambia",2022,"59th",78.6,5.4,7.7,2.7,7.9,5.8,7.2,6.9,7.7,7.3,8.5,5.7,5.8,NA,"GMB"
"Colombia",2022,"60th",78.4,6.6,7.6,7.6,5.5,6.3,4.8,5.6,6.3,7.2,8.1,7.7,5.1,NA,"COL"
"Tanzania",2022,"61st",78.2,4.9,6.5,5.1,5.9,7,6.7,7.4,8.4,5.9,8.9,5.2,6.3,NA,"TZA"
"Turkey",2022,"62nd",78.1,6.9,8.8,9.4,4.9,4.6,3.9,7.3,5.1,8.1,5,8.1,6,NA,"TUR"
"Nicaragua",2022,"63rd",77.7,5.9,7.1,5.7,5.7,6.9,7.6,8.9,6.6,7.4,5.3,4.1,6.5,NA,"NIC"
"Guatemala",2022,"64th",77.5,6.5,7.1,9.3,4.6,6.8,6.8,6.6,6.9,7.3,7,4.9,3.7,NA,"GTM"
"Lesotho",2022,"65th",77.4,6.1,7.3,3,8.3,8.1,7.6,4.8,7.2,4.8,8.9,4.2,7.1,NA,"LSO"
"Kyrgyzstan",2022,"66th",77.1,5.9,8.2,8.2,7.2,5,6.7,8.5,5,6.4,6,3.8,6.2,NA,"KGZ"
"Jordan",2022,"67th",76.6,4.9,6.9,8.3,6.5,4.7,5.4,6.4,5.1,6.9,6.6,8.7,6.2,NA,"JOR"
"Laos",2022,"68th",75.5,4.1,8.3,7.2,4.8,5.4,6.7,9,6.4,6.8,6.7,5.1,5,NA,"LAO"
"India",2022,"69th",75.3,6.3,7.3,8.1,6.5,6.1,5.2,4.4,7.6,7.4,8.4,3.8,4.2,NA,"IND"
"Tajikistan",2022,"70th",75,5.4,8.4,6.7,6,4.2,5.5,9.3,5,8.5,7.3,3.7,5,NA,"TJK"
"Brazil",2022,"71st",73.9,6.5,6.2,7.4,6.1,6.9,3.7,6.7,7.5,7.6,9,3,3.3,NA,"BRA"
"Bolivia",2022,"72nd",73.4,5.6,8.2,6.1,6,7.9,5.9,6.7,6.6,6,7.2,2.9,4.3,NA,"BOL"
"Azerbaijan",2022,"73rd",73.1,6.1,7.9,5.8,4.2,4.8,4.4,9.1,5.2,7.4,3.9,6.6,7.7,NA,"AZE"
"Bosnia and Herzegovina",2022,"74th",73,4.7,8.7,6.3,6.1,4.2,6.8,6.3,4.5,4.6,6.4,7.1,7.3,NA,"BIH"
"Russia",2022,"75th",72.6,7.8,8.4,8.1,4.7,4.7,3.4,8.6,4,9,5.1,4.3,4.5,NA,"RUS"
"Benin",2022,"76th",72.5,5,6.7,2.5,6.7,7.9,6.2,5.3,8.4,5.2,8,5.4,5.2,NA,"BEN"
"Algeria",2022,"77th",72.2,6.1,7.2,6.9,6.3,5.3,5.4,7.9,5.3,6.6,5.3,6.5,3.4,NA,"DZA"
"Senegal",2022,"78th",72.1,4.8,7,5.3,7.2,6.6,7,3.7,7.6,4.5,7.4,5.8,5.2,NA,"SEN"
"South Africa",2022,"79th",72,6.9,6.8,5.9,8,7,4.8,6.4,6.9,4.5,7.9,3.9,3,NA,"ZAF"
"Georgia",2022,"80th",71.8,5.3,9.1,7,5.5,4.3,5.8,8.3,4.1,4.9,5,6,6.5,NA,"GEO"
"Micronesia",2022,"81st",71,3.4,5.6,3.7,8.8,6.8,8.7,4.4,6.5,3.5,6.1,3.9,9.6,NA,NA
"El Salvador",2022,"82nd",70.8,6.3,4.8,5.6,5.6,5.1,8.4,4.9,6.5,5.6,7.1,5.6,5.3,NA,"SLV"
"Sao Tome and Principe",2022,"83rd",70.4,4.4,6.3,4.2,8.6,6.5,7.6,4.1,6.5,2.7,7,4.9,7.6,NA,"STP"
"Mexico",2022,"84th",70.3,8.6,5.9,6.4,4.5,5.4,4.6,6,6.6,5.5,7.2,5.3,4.3,NA,"MEX"
"Morocco",2022,"85th",70.1,4.6,6.6,8.6,5.9,4.9,7.4,6.8,5.4,5.3,4.7,5,4.9,NA,"MAR"
"Thailand",2022,"86th",70,8.3,9.7,7,3.6,4.6,3.8,7.8,3.7,7.6,6.4,5.2,2.3,NA,"THA"
"Peru",2022,"87th",69.8,5.8,7.4,8.3,4.3,6.1,5.9,6.9,7.1,3.7,7.9,4.4,2,NA,"PER"
"Uzbekistan",2022,"88th",69.6,5.9,8.8,5.7,5.1,5.6,5.1,9.2,4.3,7.6,4.5,4.1,3.7,NA,"UZB"
"Ecuador",2022,"89th",69.1,5.6,8.2,5.8,6,5.9,4.3,5.8,6.3,4.1,7,5.3,4.8,NA,"ECU"
"Fiji",2022,"90th",68.9,6.2,7.9,5.4,7.8,5,7.5,5.8,4.2,5.4,4.1,2.7,6.9,NA,"FJI"
"Belarus",2022,"91st",68.7,5.3,9.5,5.6,4.8,3.4,4.2,9.3,3,8.2,5.1,2.7,7.6,NA,"BLR"
"Ukraine",2022,"92nd",68.6,6.4,8,5.8,6.5,2.9,5.9,6.5,4.3,5.8,4.8,4.2,7.5,NA,"UKR"
"Tunisia",2022,"93rd",68.2,7.2,7.2,7.2,7.9,4.4,5.5,6,4.7,5.4,4.6,3.2,4.9,NA,"TUN"
"Serbia",2022,"94th",67.8,4.2,8.6,6.8,5.8,4.2,6,5.8,4.2,3.6,4.4,7.1,7.1,NA,"SRB"
"Saudi Arabia",2022,"95th",67.5,5.4,8.5,9.3,4,4.5,3,7.8,4.1,8.4,4.6,3.5,4.4,NA,"SAU"
"Bhutan",2022,"96th",67.4,3,7.5,9.4,5.5,4.6,5.8,2.8,5.9,4.9,5.7,5.5,6.8,NA,"BTN"
"Armenia",2022,"97th",67,5.4,6.7,5.6,6.1,3.1,6.7,6.6,3.6,5.7,4.1,6.5,6.9,NA,"ARM"
"China",2022,"98th",66.9,5.2,7.2,6.8,3.3,6,3.5,8.2,5,9.7,6.2,3.4,2.4,NA,"CHN"
"Gabon",2022,"99th",66.7,4.5,7.7,2.9,5.9,5.7,5.1,7.8,6.7,6.4,6.7,3.1,4.2,NA,"GAB"
"Bahrain",2022,"100th",66.6,5.6,7.6,9.6,4,5.6,3,8.1,3.2,8.6,4.4,1.7,5.2,NA,"BHR"
"Indonesia",2022,"100th",66.6,5.5,7.1,6.8,4.2,4.5,6,4.5,6.2,6.2,7.3,4.3,4,NA,"IDN"
"Turkmenistan",2022,"102nd",66.5,4.8,7.8,5.4,4.6,5.9,4.4,9.8,4.4,8.3,5.9,2.6,2.6,NA,"TKM"
"Paraguay",2022,"103rd",65.4,6,7.8,4.7,4.6,7,4.7,6.7,6,5.2,6,3.2,3.5,NA,"PRY"
"Samoa",2022,"104th",64.8,3.9,5.1,4.8,7,3.6,10,4.4,4.9,3.5,4.9,3.2,9.5,NA,"WSM"
"Maldives",2022,"105th",64.5,5.2,8.1,3.7,5.5,2.7,5.3,7.2,5.1,7.2,5.5,3.4,5.6,NA,"MDV"
"Moldova",2022,"105th",64.5,4.8,7.8,6.1,5.4,3.9,7.8,5.2,4.9,4.2,5.7,2.8,5.9,NA,"MDA"
"Guyana",2022,"107th",64.2,6.8,5.1,6.2,4,4.4,8.1,4.5,6.4,3.1,6.1,3.3,6.2,NA,"GUY"
"Ghana",2022,"108th",63,4.3,5.9,3.3,5.3,6.3,7.1,3.2,7.1,4.1,7.2,3.8,5.4,NA,"GHA"
"Namibia",2022,"109th",62.9,4.5,3.5,4.3,7.1,7.3,6.1,3.1,7.5,2.3,8.4,3.9,4.9,NA,"NAM"
"Dominican Republic",2022,"110th",62.8,5.8,6.2,4.6,4.8,4.8,6.7,5.7,6.7,4.4,6.7,2.5,3.9,NA,"DOM"
"North Macedonia",2022,"111th",62.6,4.4,7.3,5.7,6.2,4.4,6.3,4.8,4.5,2.7,4.5,6.6,5.2,NA,"MKD"
"Jamaica",2022,"112th",62.1,6.7,3.7,1.9,6.6,5.4,9.1,3.7,7.3,5.3,5.1,2.5,4.8,NA,"JAM"
"Belize",2022,"112th",62.1,7.1,4.3,4.7,7.2,3.9,5.2,3.7,5.7,5.3,5.3,3.3,6.4,NA,"BLZ"
"Cabo Verde",2022,"114th",61.4,4.5,5.5,2.6,5.7,5.2,7.7,3.8,5.9,2.6,6.5,3.3,8.1,NA,"CPV"
"Vietnam",2022,"115th",60.9,3.8,6.9,5.1,3.6,3.5,5,8.3,4,7.8,4.7,4.2,4,NA,"VNM"
"Suriname",2022,"116th",60.8,3.7,5.8,6.7,7.7,5,5.6,3.5,4.9,4.3,5.8,3.1,4.7,NA,"SUR"
"Cuba",2022,"117th",60.1,3.7,7,2.5,5.1,4.1,5.6,7.5,4.8,6.6,5.8,2.7,4.7,NA,"CUB"
"Kazakhstan",2022,"118th",59.5,3.7,7.6,7.7,5,2.9,4.3,8.1,4.3,6.8,4.4,2,2.7,NA,"KAZ"
"Montenegro",2022,"119th",57.9,4.3,6.5,9.2,5.5,2.3,4.9,3.8,4.1,3.2,4.4,3.1,6.6,NA,"MNE"
"Cyprus",2022,"120th",56.9,3.2,7.9,4.8,5.3,4.8,3.4,3.7,3.6,2.7,3.7,5.6,8.2,NA,"CYP"
"Albania",2022,"121st",56.7,4.5,6.2,3.8,6,2.6,8.3,5.2,4.1,3.3,4.4,2.5,5.8,NA,"ALB"
"Malaysia",2022,"122nd",56.4,5.1,6.8,5.1,3.2,4,4.4,6.4,4,7,5,3.1,2.3,NA,"MYS"
"Botswana",2022,"123rd",56.1,3.1,3.3,4,6.1,6.9,4.8,2.5,6.6,4.9,7.9,3.4,2.6,NA,"BWA"
"Greece",2022,"124th",55.8,3.6,4.1,4.3,5.7,2.9,4.1,5.8,4.3,3.6,4.4,5.6,7.4,NA,"GRC"
"Brunei Darussalam",2022,"125th",55.1,3.9,7.4,6.8,3,7.2,3.7,7.4,2.3,6.6,2.7,0.8,3.3,NA,"BRN"
"Grenada",2022,"126th",54.3,4.5,5.6,3.6,6.2,4.6,7.4,4,4.1,1.8,4.4,1.9,6.2,NA,"GRD"
"Antigua and Barbuda",2022,"127th",54.2,5.1,3.7,3.6,7.1,4.8,6,3.9,4.1,3.6,4,2.5,5.8,NA,"ATG"
"Seychelles",2022,"127th",54.2,5.1,6,4,4.1,5.6,5,4,2.6,4.3,4.5,2.2,6.8,NA,"SYC"
"Trinidad and Tobago",2022,"129th",52.4,7,5.6,3.3,4.1,4.4,6.9,3,4.6,3.4,4,2.8,3.3,NA,"TTO"
"Kuwait",2022,"130th",52.2,2.7,7.5,4.4,2.8,4.5,2.7,7.1,3,7.2,4.7,2.3,3.3,NA,"KWT"
"Bulgaria",2022,"131st",51.6,4,5.3,4.3,4.9,4.3,5.1,3.4,4.2,3,5.7,3.4,4,NA,"BGR"
"Mongolia",2022,"131st",51.6,2.6,5.5,2.4,5,5.1,4.3,3.8,4.9,4.1,5,2.6,6.3,NA,"MNG"
"Hungary",2022,"133rd",50.8,2.1,5.3,3.6,4.7,2.6,4,6.5,3.1,5.8,3.8,5.7,3.6,NA,"HUN"
"Romania",2022,"133rd",50.8,2.2,5.7,5.7,4,3.9,5.3,4.7,5.3,3.8,4.8,2,3.4,NA,"ROU"
"Bahamas",2022,"135th",50.6,4.6,4.5,2.6,4.8,4.6,4.3,2.1,5.6,4.7,6.6,2.4,3.8,NA,"BHS"
"Oman",2022,"136th",49.5,2.7,6.6,2.6,4.7,4,1.8,6.9,3.4,6.8,4.3,1.9,3.8,NA,"OMN"
"Croatia",2022,"137th",49.3,2.3,4.4,4.6,5.4,2.7,5.8,2.4,3.4,2.3,5.1,6.7,4.2,NA,"HRV"
"Argentina",2022,"138th",47.9,4.6,2.8,3.5,6.3,5,3,3.7,4.5,3,5.6,1.9,4,NA,"ARG"
"Panama",2022,"139th",47.5,4.9,2.2,5.9,3.2,6.1,3.9,3.2,5.1,4.1,4.8,2.3,1.8,NA,"PAN"
"United States",2022,"140th",46.6,5,7.3,6.8,1.8,3.7,1.8,4.5,2.5,4.5,5.5,2.5,0.7,NA,"USA"
"Barbados",2022,"141st",45.9,4.1,4.2,2.6,6.2,5.1,5,1.3,3.5,2.8,4,1.6,5.5,NA,"BRB"
"Spain",2022,"142nd",44.4,3.1,6.9,7,4.8,3,1.1,6.6,3.2,1.5,3.6,2.2,1.4,NA,"ESP"
"Italy",2022,"143rd",43.4,4.8,4.9,4,5.1,2.6,2.3,2.3,3.6,0.8,4.9,4.6,3.5,NA,"ITA"
"Chile",2022,"144th",43.2,3.9,2.2,3.5,3.7,5,3.3,4.7,4.2,3.8,6.2,1.8,0.9,NA,"CHL"
"Latvia",2022,"145th",42.8,2.3,4.3,8,3.4,3.6,5.5,2.1,3.6,2.1,3.5,2,2.4,NA,"LVA"
"Israel",2022,"146th",42.6,2.5,8,6.8,1.1,3.4,2.4,3,1.7,2.9,5.1,1.2,4.5,NA,"ISR"
"Qatar",2022,"147th",42.3,1.1,5,3.1,1.5,5,1.2,6.3,2.6,5.8,3.1,1.6,6,NA,"QAT"
"Poland",2022,"148th",42.2,2.1,4.2,5.3,3.3,2.2,4.6,4,3.3,4.1,4.1,2.5,2.5,NA,"POL"
"Costa Rica",2022,"149th",41,3.2,3.8,2.7,5.2,4.8,3.2,1.2,4.4,1.1,3.2,4.4,3.8,NA,"CRI"
"United Kingdom",2022,"150th",40.6,3.2,5.8,6.1,4.7,3.2,2.4,3.3,2.3,2.4,3.9,1.9,1.4,NA,"GBR"
"Czechia",2022,"151st",39.9,2.3,5.3,4.3,3.9,1.9,3.4,4.2,3.2,2,3.5,3.5,2.4,NA,"CZE"
"United Arab Emirates",2022,"152nd",39.1,2.6,3.6,2.5,1.9,3,2.2,6.4,2.4,7.1,3.9,1.7,1.8,NA,"ARE"
"Lithuania",2022,"153rd",38.6,2.5,3,3,3.2,4,5.3,1.3,4,2,3.9,1.9,4.5,NA,"LTU"
"Mauritius",2022,"154th",37.9,1.1,3.1,4.7,5.3,2.8,4.1,2.1,3.1,3.5,3,1.9,3.2,NA,"MUS"
"Estonia",2022,"155th",37.7,2,5.9,7.1,2.7,2.7,4.4,1.2,2.2,1.3,3.2,1.6,3.4,NA,"EST"
"Slovakia",2022,"156th",37.1,0.9,4.7,5.4,4,2.3,4.1,3.5,2.9,2.3,2.9,2.3,1.8,NA,"SVK"
"Uruguay",2022,"157th",35.2,3.9,2.7,2.3,4.3,3.2,3.4,0.4,3.5,3.3,3.7,2.1,2.4,NA,"URY"
"Malta",2022,"158th",34.7,2.1,2,2.4,3.7,2,3.5,3.2,2.1,3.4,4,3.5,2.8,NA,"MLT"
"South Korea",2022,"159th",32.7,1.8,3.9,2.6,1.7,2.5,3.4,2.7,2.7,3.1,2.8,1.4,4.1,NA,"KOR"
"Belgium",2022,"160th",31.9,2.3,4.4,3.8,4.3,2,2.6,0.9,2.8,0.9,4.5,2.4,1,NA,"BEL"
"Japan",2022,"161st",31,1.5,2.6,2.2,3.4,2.4,2.9,0.2,1.5,2.9,6.2,2.9,2.3,NA,"JPN"
"France",2022,"162nd",30.9,3.2,1.9,6.7,3.7,2.9,2.1,1.1,1.5,1.1,3.4,2.7,0.6,NA,"FRA"
"Slovenia",2022,"163rd",27.7,0.3,2,3.3,2.9,2.6,3.7,1.7,2.7,1.3,3.9,2.5,0.8,NA,"SVN"
"Portugal",2022,"164th",27.5,0.3,2.5,1,4.4,2.3,3,0.8,3.2,1.2,4.3,1.7,2.8,NA,"PRT"
"Singapore",2022,"165th",25.8,0.4,4,2.5,1.1,3.1,1.6,3.7,1.2,4.8,2.6,0.4,0.4,NA,"SGP"
"Austria",2022,"166th",25.4,1.7,3.2,3.6,1.5,2.3,1.7,0.6,2,0.4,3.9,4.2,0.3,NA,"AUT"
"Germany",2022,"167th",23.6,2,2.3,3.7,1.5,2.4,1.9,0.4,1.7,0.8,2.6,4,0.3,NA,"DEU"
"Australia",2022,"168th",22.7,2.4,1.7,3.2,1.9,2.3,0.4,0.4,2.5,1.9,3.7,2,0.3,NA,"AUS"
"Netherlands",2022,"169th",22.1,2.1,3.4,3.3,1.9,1.7,2.4,0.3,1,0.6,2.8,2.3,0.3,NA,"NLD"
"Sweden",2022,"170th",20.9,2.4,1.8,2,1.6,2,0.6,0.6,1.1,1.2,3.3,4,0.3,NA,"SWE"
"Ireland",2022,"171st",20.8,2.4,1.5,0.6,2,1.7,2.6,0.6,2.2,1.5,3.1,1.3,1.3,NA,"IRL"
"Canada",2022,"172nd",20.1,2.5,2.5,2.3,1.7,2.2,0.8,0.4,2,1.6,1.5,2.3,0.3,NA,"CAN"
"Luxembourg",2022,"173rd",20,0.4,3.4,1.8,2.1,1.7,1.6,0.3,1.6,1.1,2.9,2.8,0.3,NA,"LUX"
"Switzerland",2022,"174th",18.9,1.7,1,2.4,1.9,2.1,1,0.3,1.9,0.5,2.7,3.1,0.3,NA,"CHE"
"Denmark",2022,"175th",18.1,1.4,1.4,3.4,1.2,1.5,1,0.3,1.7,0.6,2.6,2.7,0.3,NA,"DNK"
"New Zealand",2022,"176th",17.5,1.7,1.4,2.3,2.9,2.3,1.4,0.5,1.2,0.5,1.3,1.5,0.5,NA,"NZL"
"Iceland",2022,"177th",17.1,0.4,1.8,0.5,3.1,1.4,1.7,0.4,0.9,0.4,1.8,1.8,2.9,NA,"ISL"
"Norway",2022,"178th",15.6,1.5,1.1,3.4,1.7,1.3,0.7,0.3,1.3,0.3,1.7,2,0.3,NA,"NOR"
"Finland",2022,"179th",15.1,2.2,1.4,0.3,2.6,1.3,1.5,0.3,1.3,0.3,2,1.6,0.3,NA,"FIN"
"Yemen",2021,"1st",111.7,9.4,10,9.4,9.8,7.7,6.7,9.9,9.8,9.7,9.8,9.8,9.7,NA,"YEM"
"Somalia",2021,"2nd",110.9,9.3,10,8.3,9.2,9.5,8.8,9.2,9.8,8.7,10,9.2,8.9,NA,"SOM"
"Syria",2021,"3rd",110.7,9.6,9.9,9.7,9.6,7.1,8.2,10,9.6,9.7,7.6,9.7,10,NA,"SYR"
"South Sudan",2021,"4th",109.4,9.7,9.2,8.8,9.2,8.9,6.7,9.5,10,8.7,9.5,9.9,9.3,NA,"SSD"
"Congo Democratic Republic",2021,"5th",108.4,8.6,9.5,9.4,8.5,8.5,6.8,9.2,9.8,9.2,9.8,10,9.1,NA,"COD"
"Central African Republic",2021,"6th",107,8,9.7,8.1,8.5,9.6,6.6,9,10,9.3,8.9,9.7,9.6,NA,"CAF"
"Chad",2021,"7th",105.8,8.9,9.5,8,8.6,8.7,7.9,9.4,9.8,8.2,9.6,9.3,7.9,NA,"TCD"
"Sudan",2021,"8th",105.2,8.1,9.1,9.5,9.1,8.3,7.7,8.8,8.8,8.6,9.1,9.4,8.7,NA,"SDN"
"Afghanistan",2021,"9th",102.1,10,8.6,7.2,9.2,8.1,7,8.7,9.8,7.4,9,8.8,8.3,NA,"AFG"
"Zimbabwe",2021,"10th",99.1,8.6,10,6.1,9.4,7.7,7.1,8.8,9,8,9.3,8.2,6.9,NA,"ZWE"
"Ethiopia",2021,"11th",99,8.4,9.2,9.5,5.9,6.7,6.6,8.8,8.9,8.4,9.4,9.1,8.1,NA,"ETH"
"Nigeria",2021,"12th",98,8.8,9.6,8.8,8.6,7.7,6.5,8.4,9.3,8.7,9.3,6.6,5.7,NA,"NGA"
"Haiti",2021,"13th",97.5,6.6,9.6,5.3,8.9,9.2,8.1,8.8,9.6,7.1,8.2,7.1,9,NA,"HTI"
"Guinea",2021,"14th",97.4,8,9.9,9.3,8.2,7.3,6.5,10,9.5,6.9,8.6,7,6.2,NA,"GIN"
"Cameroon",2021,"15th",97.2,8.3,9.3,8.7,7,7.6,7.1,9,8.6,7.5,8.8,8.3,7,NA,"CMR"
"Burundi",2021,"16th",97.1,8,8.2,7.3,8.8,7.2,5.6,9.3,7.9,9.2,9.2,8.2,8.2,NA,"BDI"
"Eritrea",2021,"17th",97,6.2,8.4,8.3,7.7,8.3,8.6,9.6,8.3,8.9,8.2,7.4,7.1,NA,"ERI"
"Libya",2021,"17th",97,9.6,9.4,7.5,9.6,5.6,5.4,9.9,7.4,9.1,5.9,7.7,9.9,NA,"LBY"
"Mali",2021,"19th",96.6,9.6,6.2,8.1,7.5,7.2,7.9,7.5,9.1,7.4,8.7,8.1,9.3,NA,"MLI"
"Iraq",2021,"20th",96.2,7.9,9.6,8.2,6.9,6.1,6.5,8.8,8.9,8.1,8.4,8.3,8.5,NA,"IRQ"
"Niger",2021,"21st",96,8.9,9.3,7.5,6.8,7.8,7,7.1,9.7,7.1,8.8,8.5,7.5,NA,"NER"
"Mozambique",2021,"22nd",93.9,7.3,6.6,5.8,8.3,9.2,7.3,7,9.9,7.4,9.8,7.7,7.6,NA,"MOZ"
"Myanmar",2021,"23rd",93.8,8.9,8.3,9.9,4.8,7.1,6.5,8.1,8.9,9.1,6.3,8.8,7.1,NA,"MMR"
"Uganda",2021,"24th",92.9,6.9,8.9,7.8,6.2,7,6.7,8.4,8,7.4,9.2,9.1,7.3,NA,"UGA"
"Venezuela",2021,"25th",92.6,7.3,9.3,7,9.8,6.7,6.5,9.5,8.9,9.1,6.5,6.3,5.7,NA,"VEN"
"Congo Republic",2021,"26th",92.4,7,6.7,8.4,9,8.1,6.8,9.1,8.9,7.8,8,6.5,6.1,NA,"COG"
"Guinea Bissau",2021,"27th",92,7.7,9.6,4.3,7.6,9.3,6.9,8.9,9,6.6,8.6,6.1,7.4,NA,"GNB"
"Cote d'Ivoire",2021,"28th",90.7,7.2,9.6,7.3,6.6,7.7,6.4,7.7,8.4,7.1,8.3,6.6,7.8,NA,"CIV"
"Pakistan",2021,"29th",90.5,7.9,9,8.8,7.1,5.3,6.2,7.3,8,7.3,7.9,7.5,8.2,NA,"PAK"
"North Korea",2021,"30th",90,8,8.8,5.2,8.9,7.3,3.8,9.9,8.6,9.4,7.1,3.8,9.2,NA,"PRK"
"Liberia",2021,"31st",89.5,6.6,8.6,4.6,8.5,7.2,6.9,6.8,9.5,6.7,8.5,7.5,8.1,NA,"LBR"
"Kenya",2021,"32nd",89.2,7.4,8.6,8,6.4,7.4,6.6,7.6,8.2,6.3,8.3,7.5,6.9,NA,"KEN"
"Mauritania",2021,"33rd",89.1,6.3,8.8,7.3,7.1,6.4,6.5,7.9,8.7,6.9,8.5,7.9,6.8,NA,"MRT"
"Lebanon",2021,"34th",89,7.5,9.6,7.9,9,5.4,6.2,7.7,5.8,7,5.2,8.8,8.9,NA,"LBN"
"Angola",2021,"34th",89,7.2,7.2,8.1,8.4,8.9,6,8.2,9.3,6.2,9,5.9,4.6,NA,"AGO"
"Burkina Faso",2021,"36th",87.1,9,7.8,4.5,7,7.8,7,5.9,8.7,5.5,8.6,7.2,8.1,NA,"BFA"
"Palestine",2021,"37th",86,6,8.9,5,7,4.9,8.8,8.8,4.2,7.7,8.5,6.2,10,NA,"PSE"
"Togo",2021,"38th",85.1,6.4,7.6,6,7.2,8.3,6.9,8.2,8.5,6.7,7.5,6.3,5.5,NA,"TGO"
"Bangladesh",2021,"39th",85,7,9.3,8.6,5.5,5.7,7,7.4,7.7,7.2,7.1,7.3,5.2,NA,"BGD"
"Egypt",2021,"39th",85,7.6,9.1,8.3,7.3,5.1,5.2,8.6,4.7,9.8,6.5,6.1,6.7,NA,"EGY"
"Rwanda",2021,"39th",85,5.8,8,9.6,5.8,7.7,6.5,6.8,7.5,6,7.5,7.5,6.3,NA,"RWA"
"Zambia",2021,"42nd",84.9,4.5,5.9,5.3,8.8,9.3,6.9,7.5,8,7,9.4,5.5,6.8,NA,"ZMB"
"Iran",2021,"43rd",84.5,6.9,9.6,9.3,7.6,4.9,5.3,9.2,4.7,9.5,5.5,5.3,6.7,NA,"IRN"
"Equatorial Guinea",2021,"44th",84.1,5.9,8.2,6.9,6.3,7.9,4.3,9.8,8.7,8.4,8.5,5,4.2,NA,"GNQ"
"Sierra Leone",2021,"45th",83.4,3.8,7.8,5.6,8.5,7.9,7.4,5.7,8.8,5,8.8,7.4,6.7,NA,"SLE"
"Malawi",2021,"46th",83.2,4.8,8.4,4.7,7.7,8,6.8,7.1,8.2,5.3,9.4,5.4,7.4,NA,"MWI"
"Eswatini",2021,"47th",82.5,5.1,6.8,2.2,9.8,8,6.4,8.6,7.7,8.2,8.9,4.1,6.7,NA,"SWZ"
"Comoros",2021,"47th",82.5,6.2,8,4.2,7.6,7.3,6.8,7.7,8.1,5.8,8,6,6.8,NA,"COM"
"Djibouti",2021,"49th",82.4,5.3,7.3,5.3,6.8,7.3,4.6,8.4,7.4,7.2,7.5,7.1,8.2,NA,"DJI"
"Philippines",2021,"49th",82.4,9.3,8,7.3,5.3,5.2,5.4,7.4,6.8,7.8,7.6,6.3,6,NA,"PHL"
"Nepal",2021,"51st",82.2,5.3,8.8,9.4,5.3,5.8,6.2,6.4,7.3,6.5,8.1,7.2,5.9,NA,"NPL"
"Timor-Leste",2021,"52nd",80.9,6.2,8.3,5.3,7.7,6.2,7,5.5,7.6,4.2,8.9,5.4,8.6,NA,"TLS"
"Papua New Guinea",2021,"52nd",80.9,6.7,7.1,5.1,7,8.8,6.5,6,9.3,6.9,7.6,4.3,5.6,NA,"PNG"
"Cambodia",2021,"54th",80.6,6.4,8.3,6.1,5.2,6.2,6.6,8.7,8.2,7.7,5.9,4.5,6.8,NA,"KHM"
"Sri Lanka",2021,"55th",80.5,6.8,9.1,8.6,5.6,5.9,6.7,6.3,4.7,8.2,5.7,7.2,5.7,NA,"LKA"
"Gambia",2021,"55th",80.5,5.7,7.7,2.6,8.2,5.9,7.3,7.2,7.6,7.8,8.4,6,6.1,NA,"GMB"
"Turkey",2021,"57th",79.7,7.2,8.8,9.7,5.3,4.7,4.1,7.3,5.4,8,5.1,8.4,5.7,NA,"TUR"
"Madagascar",2021,"58th",79.5,6.3,7.8,3.3,7.3,9,6.1,6.3,8.7,5.8,9.2,4.1,5.6,NA,"MDG"
"Honduras",2021,"59th",79.4,7,7,5,6.4,6.9,6.7,7.1,7.6,7.2,6.1,5.5,6.9,NA,"HND"
"Guatemala",2021,"59th",79.4,6.8,7.1,9.4,5,7.1,7.1,6.5,7.2,7.2,7.2,4.8,4,NA,"GTM"
"Solomon Islands",2021,"61st",79.3,5.6,8.2,5.3,7.2,8,6.3,5.6,7.9,4,7.4,4.4,9.4,NA,"SLB"
"Colombia",2021,"61st",79.3,6.9,7.6,7.5,6,6.4,5,5.5,6.6,6.8,8,7.6,5.4,NA,"COL"
"Tanzania",2021,"61st",79.3,5.2,6.2,4.9,5.8,7,7,7.5,8.8,6.2,8.6,5.5,6.6,NA,"TZA"
"Lesotho",2021,"64th",77.9,6.4,7.3,2.7,8.8,8.2,7.5,4.7,7.5,5.1,8.4,4.3,7,NA,"LSO"
"Nicaragua",2021,"65th",77.1,5.8,7.1,5.9,6,7,7.7,8.6,6.4,7.3,4.8,3.7,6.8,NA,"NIC"
"India",2021,"66th",77,6.6,7.3,8.2,7,6.2,5.5,4.3,7.5,7.7,8.1,4.1,4.5,NA,"IND"
"Jordan",2021,"67th",76.8,5.2,6.9,8.6,6.9,4.8,5.1,6.3,5,6.8,6.1,8.6,6.5,NA,"JOR"
"Kyrgyzstan",2021,"68th",76.4,6.2,8.3,8.1,7.1,4.9,6.7,8,5.3,6.3,5.5,4.1,5.9,NA,"KGZ"
"Laos",2021,"69th",76,4.4,8.3,7.2,5.1,5.3,6.8,9,6.6,6.9,6.4,5.1,4.9,NA,"LAO"
"Brazil",2021,"70th",75.8,6.8,6.5,7.7,6.4,7,3.9,7,7.4,7.4,8.8,3.3,3.6,NA,"BRA"
"Azerbaijan",2021,"71st",75.1,6.4,7.9,6.1,4.7,5.1,4.3,9.1,5.5,7.7,4.2,6.9,7.2,NA,"AZE"
"Tajikistan",2021,"71st",75.1,5.7,8.4,6.7,6.3,4.3,5.6,9.2,4.9,8.5,7,3.6,4.9,NA,"TJK"
"Bolivia",2021,"73rd",74.9,5.9,8.5,5.6,5.9,8.2,6.2,7,6.9,5.9,7.1,3.1,4.6,NA,"BOL"
"Algeria",2021,"74th",73.6,6,7.5,7.2,6.8,5.6,5.5,7.8,5.6,6.3,4.8,6.8,3.7,NA,"DZA"
"Russia",2021,"74th",73.6,7.7,8.4,8,5.2,5.2,3.4,8.5,4.3,8.9,4.6,4.6,4.8,NA,"RUS"
"Senegal",2021,"76th",73.4,5.1,7,5.2,7.3,6.7,7.5,3.6,7.5,4.8,7.1,6.1,5.5,NA,"SEN"
"Bosnia and Herzegovina",2021,"77th",72.9,5,8.7,6.6,6.4,4.1,6.5,6.2,4.8,4.9,5.1,7,7.6,NA,"BIH"
"Benin",2021,"78th",72.8,5.3,6.7,2.6,6.7,8.2,6.5,5.1,8.5,4.9,7.7,5.1,5.5,NA,"BEN"
"Georgia",2021,"79th",72.6,5.6,9.1,7.3,5.7,4.4,5.5,8.2,4.4,4.8,4.5,6.3,6.8,NA,"GEO"
"Uzbekistan",2021,"80th",72,6.2,8.8,6,5.4,5.7,5.2,9.3,4.6,7.6,4.8,4.4,4,NA,"UZB"
"Micronesia",2021,"81st",71.7,3.7,5.6,3.7,8.5,7.1,9,4.3,6.7,3.5,6,3.6,10,NA,NA
"El Salvador",2021,"82nd",71.6,6.6,4.8,5.5,6.1,5.4,8.4,4.4,6.8,5.5,7,5.5,5.6,NA,"SLV"
"Sao Tome and Principe",2021,"83rd",71.5,4.7,6.3,4.2,8.9,6.2,7.9,4.4,6.4,3,6.7,4.9,7.9,NA,"STP"
"Morocco",2021,"83rd",71.5,4.9,6.6,8.5,6.2,5,7.5,6.8,5.1,5.6,4.8,5.3,5.2,NA,"MAR"
"Peru",2021,"85th",71.4,6.1,7.4,8.6,4.8,6.4,6.2,7.2,7.4,3.5,7.4,4.1,2.3,NA,"PER"
"Ecuador",2021,"86th",71.2,5.9,8.2,6.1,6.3,6,4.6,5.7,6.6,4.2,6.9,5.6,5.1,NA,"ECU"
"Thailand",2021,"87th",70.9,8.2,9.7,7.3,3.9,4.5,4.1,7.7,4,7.9,5.9,5.1,2.6,NA,"THA"
"Fiji",2021,"88th",70.4,6.5,7.9,5.7,7.7,5.1,7.6,5.7,4.4,5.7,4.1,2.8,7.2,NA,"FJI"
"South Africa",2021,"89th",70,6.4,6.3,5.9,8.3,6.7,4.9,5.9,6.9,4.2,7.1,4.2,3.2,NA,"ZAF"
"Mexico",2021,"90th",69.9,8.5,5.4,6.3,5,5.3,4.9,5.5,6.9,5.8,6.7,5,4.6,NA,"MEX"
"Armenia",2021,"91st",69.8,5.7,7,5.3,6.6,3.6,6.8,6.9,3.9,6,4.4,6.6,7,NA,"ARM"
"Ukraine",2021,"91st",69.8,6.7,8,5.7,6.8,3.2,5.8,6.8,4.5,6,4.3,4.2,7.8,NA,"UKR"
"Saudi Arabia",2021,"93rd",69.7,5.7,8.5,9,4.3,4.7,3.3,7.8,4.4,8.6,4.9,3.8,4.7,NA,"SAU"
"Tunisia",2021,"94th",69.2,7.1,7.5,7.1,7.8,4.5,5.8,5.9,5,5.5,4.3,3.5,5.2,NA,"TUN"
"China",2021,"95th",68.9,5.5,7.2,7.1,3.7,5.9,3.8,8.5,5.3,9.6,5.9,3.7,2.7,NA,"CHN"
"Bhutan",2021,"96th",68.3,3.3,7.5,9.1,5,4.7,6.1,3.1,6.2,5.2,5.2,5.8,7.1,NA,"BTN"
"Turkmenistan",2021,"97th",68.2,5.1,7.8,5.6,4.9,6,4.5,9.8,4.7,8.6,5.4,2.9,2.9,NA,"TKM"
"Belarus",2021,"98th",68,5.6,8.8,5.9,5.1,3.7,4.1,9,3.3,7.9,5.1,2.4,7.1,NA,"BLR"
"Indonesia",2021,"99th",67.6,5.8,7.1,7.1,4.3,4.8,6.3,4.4,6.1,6.4,6.8,4.2,4.3,NA,"IDN"
"Maldives",2021,"99th",67.6,5.5,8.1,4,6.5,2.8,5.6,7.5,5.4,7.5,5.4,3.7,5.6,NA,"MDV"
"Serbia",2021,"101st",67.4,4.5,8.3,7.1,6.1,4.3,5.9,5.5,3.9,3.5,3.9,7.4,7,NA,"SRB"
"Gabon",2021,"101st",67.4,4.8,8,2.6,5.9,5.7,5.2,7.5,6.5,6.7,6.7,3.3,4.5,NA,"GAB"
"Moldova",2021,"103rd",67,5.1,8.3,6.4,5.9,3.8,7.5,5.7,5.2,4.5,5.4,3,6.2,NA,"MDA"
"Bahrain",2021,"104th",66.7,5.9,7.6,9.6,4.1,5.3,3,8,3.5,8.6,4.1,1.7,5.3,NA,"BHR"
"Paraguay",2021,"105th",66.4,6.3,7.8,4.6,4.9,7.1,5,6.6,6.3,5.5,5.5,3,3.8,NA,"PRY"
"Guyana",2021,"106th",66.1,7.1,5.1,6.5,4.5,4.7,8.2,4.6,6.4,3.3,5.8,3.4,6.5,NA,"GUY"
"Dominican Republic",2021,"107th",64.7,6.1,6.2,4.6,5.1,4.9,6.6,6,7,4.7,6.7,2.6,4.2,NA,"DOM"
"North Macedonia",2021,"108th",64.5,4.7,7.3,6,6.5,4.5,6,5.1,4.8,3,4.2,6.9,5.5,NA,"MKD"
"Namibia",2021,"109th",64.3,4.8,3.5,4.6,7.4,7.4,6.2,3,7.4,2.6,8.1,4.1,5.2,NA,"NAM"
"Samoa",2021,"110th",64.2,3.8,5.1,4.5,6.5,3.7,9.9,4.3,4.8,3.6,5.2,2.9,9.9,NA,"WSM"
"Cabo Verde",2021,"110th",64.2,4.8,5.5,2.9,6.5,5.5,7.7,4.1,5.6,2.8,6.8,3.6,8.4,NA,"CPV"
"Belize",2021,"110th",64.2,7.4,4.3,4.7,7.7,4.2,5.7,4,6,5.4,5,3.1,6.7,NA,"BLZ"
"Ghana",2021,"113th",63.9,4.6,5.4,3.2,5.5,6.4,7.2,3.2,7.4,4.4,6.9,4,5.7,NA,"GHA"
"Vietnam",2021,"114th",63.3,3.9,6.9,5.2,3.9,3.8,5.3,8.4,4.3,7.8,5,4.5,4.3,NA,"VNM"
"Suriname",2021,"115th",61.5,4,5.8,6.4,7.8,5.3,5.6,3.8,5.2,4.2,5.3,3.1,5,NA,"SUR"
"Kazakhstan",2021,"116th",61.2,4,7.6,8,5.5,3.2,4.2,8.2,4.6,6.7,4.1,2.1,3,NA,"KAZ"
"Jamaica",2021,"116th",61.2,6.6,3.7,2.2,6.9,4.7,9,3.6,7.2,5.2,4.6,2.8,4.7,NA,"JAM"
"Cuba",2021,"118th",59.5,4,7,2.8,4.8,4.2,5.5,7.4,4.3,6.5,5,3,5,NA,"CUB"
"Albania",2021,"119th",59,4.8,6.2,4.1,6.4,2.9,8.3,5.5,4.4,3.6,4.1,2.6,6.1,NA,"ALB"
"Montenegro",2021,"120th",58.5,4.6,6.5,9.1,6,2,4.7,3.6,4.4,3.4,3.9,3.4,6.9,NA,"MNE"
"Cyprus",2021,"121st",57.4,3.5,7.9,5.1,5.6,4.9,3.5,4,3.3,2.7,3.4,5.3,8.2,NA,"CYP"
"Botswana",2021,"122nd",57,3.4,3.3,3.9,6.6,6.8,4.9,2.4,7.1,4.8,7.6,3.3,2.9,NA,"BWA"
"Malaysia",2021,"123rd",56.9,5.4,6.8,5.4,3.3,4.1,4.5,6.3,4.3,6.8,4.4,3,2.6,NA,"MYS"
"Seychelles",2021,"124th",56.3,5.4,6,4.1,5.1,6.1,5.3,4.3,2.8,4.2,4.2,2.1,6.7,NA,"SYC"
"Brunei Darussalam",2021,"124th",56.3,4.2,7.4,6.5,3.3,7.3,3.8,7.1,2.6,6.9,2.8,1.1,3.3,NA,"BRN"
"Grenada",2021,"126th",56.1,4.8,5.6,3.6,6.3,4.9,7.5,4.3,4.4,2.1,3.9,2.2,6.5,NA,"GRD"
"Antigua and Barbuda",2021,"127th",54.9,5.4,3.7,3.6,6.9,4.5,6,4.2,4.4,3.9,4.3,2.5,5.5,NA,"ATG"
"Greece",2021,"128th",54.5,3.9,4.1,4.2,6,2.9,3.9,5.5,4,3.3,3.9,5.9,6.9,NA,"GRC"
"Kuwait",2021,"129th",52.9,3,7.5,4.1,3,4.2,3,7,3.3,7.2,4.6,2.4,3.6,NA,"KWT"
"Trinidad and Tobago",2021,"129th",52.9,6.9,5.6,3,4.4,4.5,7.2,3.3,4.5,3.7,3.9,2.5,3.4,NA,"TTO"
"Bahamas",2021,"131st",52.4,4.9,4.5,2.9,5.1,4.5,4.4,2.4,5.7,4.6,7.1,2.6,3.7,NA,"BHS"
"Mongolia",2021,"132nd",52.3,2.9,5.5,2.6,5.1,5.2,4.2,3.8,5.2,4,4.7,2.5,6.6,NA,"MNG"
"Bulgaria",2021,"133rd",51.6,4.3,5.3,4.2,5.2,3.8,5,3.7,4,2.9,5.2,3.7,4.3,NA,"BGR"
"Hungary",2021,"134th",51.1,2.4,5.3,3.6,5,2.9,4,6.4,3.4,5.3,3.3,5.6,3.9,NA,"HUN"
"Romania",2021,"135th",51,2.1,5.7,6,4.5,3.8,5.4,5,4.8,3.6,4.3,2.1,3.7,NA,"ROU"
"Oman",2021,"136th",50.4,3,6.6,2.3,5,4.1,1.9,6.9,3.7,7,4.5,1.9,3.5,NA,"OMN"
"Argentina",2021,"137th",50.1,4.9,2.8,3.8,7.1,4.9,3,4,4.8,3.3,5.3,1.9,4.3,NA,"ARG"
"Croatia",2021,"138th",49.8,2.6,4.4,4.9,5.7,2.8,5.7,2.3,3.1,2.6,4.6,6.6,4.5,NA,"HRV"
"Panama",2021,"139th",48.7,5.2,2.2,5.6,3.7,6.2,4,3.1,5.4,3.8,5.3,2.2,2,NA,"PAN"
"Barbados",2021,"140th",47,4.4,4.2,2.9,6.3,4.6,5.3,1.4,3.8,3.1,4.3,1.3,5.4,NA,"BRB"
"Italy",2021,"141st",45.2,5.1,4.9,4.3,5.7,2.3,2.4,2.8,3.7,0.9,5.2,4.5,3.4,NA,"ITA"
"Spain",2021,"142nd",44.8,3.4,6.9,6.7,5.3,2.9,1.2,6.9,2.9,1.2,3.5,2.2,1.7,NA,"ESP"
"United States",2021,"143rd",44.6,4.3,7.3,6.5,2.1,3.7,1.8,3.5,2.7,4.4,5,2.3,1,NA,"USA"
"Chile",2021,"144th",44.1,3.8,2.2,3.2,4.2,5.1,3.4,5.2,4.5,3.6,5.9,1.9,1.1,NA,"CHL"
"Qatar",2021,"144th",44.1,1.4,5,3.4,1.6,4.7,1.5,6.4,2.9,6.1,3.4,1.4,6.3,NA,"QAT"
"Latvia",2021,"146th",44,2.6,4.3,8.3,3.7,3.5,5.5,2.2,3.9,2.4,3,1.9,2.7,NA,"LVA"
"Poland",2021,"147th",43.1,2.4,4.2,5.6,3.8,2.4,4.6,4.3,3,4,3.6,2.4,2.8,NA,"POL"
"Israel",2021,"148th",43,2.4,7.9,6.7,1.2,3.6,2.4,3.3,1.8,2.9,4.8,1.2,4.8,NA,"ISR"
"Costa Rica",2021,"149th",42.5,3.5,3.8,3,5.2,4.7,3.5,1.3,4.7,1.1,3.5,3.9,4.3,NA,"CRI"
"United Kingdom",2021,"150th",41.5,3.5,5.8,6.1,5.2,3.5,2.5,3.2,2.6,2.1,3.6,1.7,1.7,NA,"GBR"
"United Arab Emirates",2021,"151st",40.3,2.5,3.6,2.8,2.4,3.3,2.2,6.4,2.9,7,3.6,1.8,1.8,NA,"ARE"
"Estonia",2021,"152nd",39.5,2.3,5.9,7.4,3.2,2.6,4.3,1.5,2.5,1.3,2.9,1.9,3.7,NA,"EST"
"Czechia",2021,"153rd",39.3,2.6,5.3,4.6,4.2,2,3.5,4.1,2.7,2,3,3.2,2.1,NA,"CZE"
"Slovakia",2021,"154th",39,1.2,4.7,5.7,4.3,2.6,4.1,3.8,3.2,2.3,2.4,2.6,2.1,NA,"SVK"
"Lithuania",2021,"155th",38.7,2.8,3,3.3,3.7,4.1,5.2,1.5,3.7,2.2,3.4,1.8,4,NA,"LTU"
"Mauritius",2021,"156th",38.1,1.2,3.2,4.4,5.4,2.7,4.2,2.1,3.2,3.6,2.9,1.7,3.5,NA,"MUS"
"Malta",2021,"157th",36.2,2.4,2,2.7,4,2,3.7,3.1,2.4,3.3,3.7,3.8,3.1,NA,"MLT"
"Uruguay",2021,"158th",35.9,4.2,2.7,2.4,4.4,3.3,3.6,0.5,3.8,3,3.4,1.9,2.7,NA,"URY"
"South Korea",2021,"159th",32.5,2.1,3.9,2.3,1.9,2.2,3.5,3,2.2,3.1,2.3,1.6,4.4,NA,"KOR"
"France",2021,"159th",32.5,3.5,1.9,6.4,4.2,3,2.1,0.9,1.8,1.2,3.9,2.7,0.9,NA,"FRA"
"Japan",2021,"161st",32.2,1.8,2.6,2.5,3.7,1.9,2.9,0.5,1.8,3,5.7,3.2,2.6,NA,"JPN"
"Belgium",2021,"162nd",31,2.6,4.4,4.1,4.6,2.1,2.5,0.8,2.5,0.6,4,2.3,0.5,NA,"BEL"
"Slovenia",2021,"163rd",28.2,0.5,2,3.6,3.4,2.4,3.6,1.9,2.4,1.1,3.4,2.8,1.1,NA,"SVN"
"Portugal",2021,"164th",26.8,0.5,2.5,1.3,4.8,2,2.8,0.8,2.9,1.1,3.3,1.8,3,NA,"PRT"
"Singapore",2021,"165th",26.6,0.7,4,2.2,1.6,3,1.9,3.7,1.5,4.5,2.1,0.7,0.7,NA,"SGP"
"Austria",2021,"166th",26.1,1.6,3.2,3.9,1.8,2.3,1.6,0.6,2.3,0.5,3.4,4.4,0.5,NA,"AUT"
"Germany",2021,"167th",24.8,2.3,2.3,4,1.8,2.5,2,0.5,2,0.8,2.1,4,0.5,NA,"DEU"
"Netherlands",2021,"168th",24.1,2.2,3.4,3.6,2.2,1.6,2.4,0.5,1.3,0.7,3.1,2.6,0.5,NA,"NLD"
"Ireland",2021,"169th",22.2,2.7,1.5,0.5,2.7,1.6,2.8,0.5,2.5,1.6,2.8,1.4,1.6,NA,"IRL"
"Australia",2021,"170th",21.8,2.7,1.7,3.1,1.6,1.8,0.5,0.5,2.8,1.7,2.9,2,0.5,NA,"AUS"
"Canada",2021,"171st",21.7,2.8,2.5,2.2,2,2.3,1.1,0.5,2.3,1.3,2,2.2,0.5,NA,"CAN"
"Sweden",2021,"172nd",21.4,2.7,1.8,1.7,1.9,1.7,0.7,0.5,1.4,0.9,3.3,4.3,0.5,NA,"SWE"
"Luxembourg",2021,"173rd",21.1,0.7,3.4,2.1,2.6,1.4,1.6,0.5,1.9,1.1,2.8,2.5,0.5,NA,"LUX"
"Switzerland",2021,"174th",19.9,1.6,1,2.7,2,1.8,1.1,0.5,1.6,0.8,3.2,3.1,0.5,NA,"CHE"
"Denmark",2021,"175th",18.8,1.7,1.4,3.7,1.7,1.2,1.3,0.5,1.4,0.9,2.3,2.2,0.5,NA,"DNK"
"New Zealand",2021,"176th",18.4,1.4,1.4,2.6,3.4,2.1,1.6,0.5,1.4,0.5,1.4,1.6,0.5,NA,"NZL"
"Iceland",2021,"177th",18,0.7,1.8,0.5,3.4,1.3,1.9,0.5,1.2,0.5,1.5,1.5,3.2,NA,"ISL"
"Norway",2021,"178th",16.6,1.8,1.1,3.3,1.9,1,0.8,0.5,1.6,0.5,1.4,2.2,0.5,NA,"NOR"
"Finland",2021,"179th",16.2,2.5,1.4,0.6,2.9,1,1.5,0.5,1.6,0.5,1.7,1.5,0.5,NA,"FIN"
"Yemen",2020,"1st",112.438693820163,9.7,10,9.69887049362539,9.4,7.8,7,9.88982332653744,9.5,9.95,9.8,9.7,10,-1.06130617983717,"YEM"
"Somalia",2020,"2nd",110.888959324746,9.81132849008603,10,8.6,9.1,9.36715054570245,8.9,8.88810735550501,9.1,9,9.98108716087772,9.1,9.04128577257486,-1.31104067525394,"SOM"
"South Sudan",2020,"3rd",110.752190381982,9.4,9.7,9.1,9.5,9.2,6.8,9.94441460841374,9.5,9,9.45035650160595,9.7,9.45741927196228,-1.44780961801804,"SSD"
"Syria",2020,"4th",110.749696535933,9.9,9.9,10,8.68636725769827,7.2,8.41334340133824,9.95,9.1,10,7.6,10,9.99998587689606,-0.850303464067441,"SYR"
"Congo Democratic Republic",2020,"5th",109.394620954853,8.5,9.8,9.7,8,8.61984199831644,6.9,9.66097145396638,9.4649106788261,9.54889682374455,9.8,10,9.4,-0.805379045146536,"COD"
"Central African Republic",2020,"6th",107.486604672383,8.3,9.682,8,8.4,9.93448093216861,6.8,8.87997892754828,9.9901448126659,9.2,8.8,10,9.5,-1.41339532761721,"CAF"
"Chad",2020,"7th",106.433820554995,9.2,9.5,8.3,8.5,8.87148984468396,8.4,9.3,9.36233071031056,8.5,9.6,9.2,7.7,-2.06617944500548,"TCD"
"Sudan",2020,"8th",104.765885172959,8.37703025123304,9.4,9.39911467501639,8.07502225273182,8,8,9.3,8.31471799397749,8.9,9.1,9.3,8.6,-3.13411482704126,"SDN"
"Afghanistan",2020,"9th",102.90118710069,9.93296264767089,8.9,7.5,8.3,7.7295256861498,7.5,9.00657021952768,9.5,7.6,9,9.3,8.63212854734157,-2.09881289931006,"AFG"
"Zimbabwe",2020,"10th",99.2208568055075,8.5,10,6.4,8.6,7.6,7,9.1,8.67923426324672,8.3,9.3,8.5,7.24162254226076,-0.279143194492515,"ZWE"
"Burundi",2020,"11th",97.8760296455767,8.3,7.9,7.6,8.5,7.34997749264195,5.9,9.12605215293478,7.9,9.1,9.2,8.5,8.5,-0.223970354423273,"BDI"
"Cameroon",2020,"11th",97.855081605719,8.2,9.3,8.6,6.8,7.66380708056212,7.6,8.9,8.3,7.8,8.79127452515685,8.6,7.3,0.855081605718966,"CMR"
"Haiti",2020,"13th",97.679,6.9,9.579,5.6,8.5,9.1,8.1,9.1,9.3,6.9,8.2,7.1,9.3,-1.621,"HTI"
"Nigeria",2020,"14th",97.2675111298435,8.7,9.9,9.1,7.85149901083322,7.8,6.6,8.1,8.8689514970993,8.37971172968962,9.33981895011086,6.9,5.72752994211049,-1.33248887015651,"NGA"
"Guinea",2020,"15th",97.1676111714642,8.3,9.6,9.17661260795946,8.3,7,6.8,9.9,9.1909985635048,6.8,8.3,7.3,6.5,-2.23238882853574,"GIN"
"Mali",2020,"16th",96.0433129644911,9.5,5.7,8.4,7.28861762449353,7.01694183285534,8,7,8.8,7.73775350714222,8.6,8.4,9.6,1.44331296449109,"MLI"
"Iraq",2020,"17th",95.9411697934722,8.2,9.6,8.5,5.6,6.4,6.8,9.11957261951293,8.4,7.82159717395925,8.1,8.6,8.8,-3.15883020652782,"IRQ"
"Eritrea",2020,"18th",95.8442307280238,6.4854309467181,8.1,8,7.4,8.59638307400783,8.8,9.440290516799,7.5,8.65622329587863,8.16590289462026,7.7,7,-0.55576927197618,"ERI"
"Niger",2020,"19th",95.3148830349445,8.8,8.9,7.8,6.8,7.7,7.3,7,9.19618616443504,6.94257118998929,8.72561298356892,8.4,7.75051269695127,-0.985116965055482,"NER"
"Libya",2020,"20th",95.1937184923618,9.5,9.7,7.8,8,5.3,5.7,9.79371849236183,6.9,9.4,5.3,8,9.8,3.09371849236183,"LBY"
"Ethiopia",2020,"21st",94.595776345578,7.9,8.9,9,6.1,6.2,6.3,8.5,8.295776345578,7.9,9.1,8.8,7.6,0.395776345578005,"ETH"
"Myanmar",2020,"22nd",94,8.8,8,9.8,5,7,6.8,8,8.4,9.4,6.3,9.1,7.4,-0.300000000000001,"MMR"
"Guinea Bissau",2020,"23rd",92.9020755085463,8,9.6,4.6,7.4,9.44456399688463,7.2,8.6,8.6,6.9,8.42504650323094,6.43246500843069,7.7,-2.49792449145373,"GNB"
"Uganda",2020,"24th",92.7703684743757,7.2,8.9,8,6,6.75027639895046,7,8.3,7.3,7.7,9.22009207542524,8.8,7.6,-2.5296315256243,"UGA"
"Pakistan",2020,"25th",92.0780930325593,8.2,9,9.1,7.0780930325593,5.6,6.5,7.6,7.7,7.1,7.9,7.8,8.5,-2.1219069674407,"PAK"
"Congo Republic",2020,"25th",92.0681997298034,7.27458309414772,6.7,8.1,7.81348384721041,8.39142178395943,7.1,9.08299307823082,8.6,8.1,8.00571792625499,6.7,6.2,-0.431800270196629,"COG"
"Mozambique",2020,"27th",91.6937129615074,6.84903522310938,7.1,5.3,8.30258628788112,9.49291735708736,7.4,7.3,9.37328688314755,5.3,9.8,7.6,7.87588721028202,3.09371296150743,"MOZ"
"Venezuela",2020,"28th",91.1575912297458,7.24425268792774,9.152,7.3,8.7,6.6,6.35028425102384,9.31105429079426,8.4,9,6.5,6.6,6,1.85759122974583,"VEN"
"Kenya",2020,"29th",90.3158699259777,7.6603465673297,8.6,8.3,6.52916923642135,7.32635412222666,6.9,7.9,7.7,6.5,8.3,7.4,7.2,-3.2841300740223,"KEN"
"North Korea",2020,"30th",90.2112978452497,8.3,8.5,5.5,8.6,7.2,4.1,9.91129784524969,8.3,9.4,6.8,4.1,9.5,-2.48870215475031,"PRK"
"Liberia",2020,"31st",90.0439005916005,6.91419797750082,8.3,4.9,8.25432506934015,7.5,7.2,7.1,9,6.2,8.47537754475955,7.8,8.4,-0.156099408399474,"LBR"
"Cote d'Ivoire",2020,"32nd",89.7226736914223,7.1,9.1,7.6,6.4,7.5,6.7,7,8.07352221875831,7,8.24915147266397,6.9,8.1,-2.27732630857772,"CIV"
"Mauritania",2020,"33rd",88.7424685960315,6.6,8.8,7.3,6.8,5.9,6.6,8,8.39064707764728,7.2,8.45182151838419,7.6,7.1,-1.25753140396853,"MRT"
"Angola",2020,"34th",87.3200390265874,7.08223650477891,7.2,7.8,6.9,9,6.3,8.0497760072349,8.7088969534431,6.4,8.81871720671709,6.2,4.86041235441335,-0.479960973412646,"AGO"
"Rwanda",2020,"35th",86.0295223005178,6.05520379465084,8,9.89995158598018,5.90851280209445,7.78959179233236,6.8,6.86157639685223,6.5,6.3,7.51468592860772,7.8,6.6,-1.47047769948223,"RWA"
"Egypt",2020,"35th",86.0061382502918,7.9,9.1,8.6,7.6,5.4,5.28133035663382,8.6,4.23097702334914,9.7,6.19383087030887,6.4,7,-2.29386174970817,"EGY"
"Burkina Faso",2020,"37th",85.9285230605081,8.7,7.8,4.4,6.72852306050814,7.3,7.1,6.2,8.4,5.7,8.6,7,8,2.12852306050814,"BFA"
"Togo",2020,"38th",85.8414311643051,6.7,7.6,5.7,6.7,8.44584288510177,7.2,8.5,8.2,6.9,7.53035114641835,6.6,5.76523713278498,-1.5585688356949,"TGO"
"Bangladesh",2020,"39th",85.7,7.3,9.3,8.3,5.8,6,7.3,7.3,7.2,7,7.1,7.6,5.5,-2,"BGD"
"Lebanon",2020,"40th",84.7204333391724,7.8,9.6,8.22043333917241,7,4.9,5.9,7.4,4.8,6.9,4.7,8.7,8.8,-0.179566660827589,"LBN"
"Zambia",2020,"41st",84.4741289119406,4.8,5.9,5,7.80265924130878,9.42115695456053,7,7.8,7.72149024968085,7.1,9.4288224663904,5.8,6.7,-1.12587108805943,"ZMB"
"Sierra Leone",2020,"42nd",84.3558025134436,4.1,7.8,5.9,8.3,8,7.7,6,8.5,5.15580251344359,8.8,7.1,7,-2.44419748655641,"SLE"
"Malawi",2020,"43rd",84.0163608831306,5.1,8.1,5,7.7,8.14192263787756,7.1,6.6,7.87443824525303,5.6,9.4,5.7,7.7,0.616360883130589,"MWI"
"Iran",2020,"44th",83.3866086520676,7.2,9.6,9.59742249523,7.2,5,5.6,9.2,3.68918615683759,9.2,4.5,5.6,7,0.386608652067592,"IRN"
"Equatorial Guinea",2020,"45th",83.0162038553854,6.2,8.2,6.6,5.73140680495425,8.04982307135583,4.6,9.83497397907534,8.4,8.3,8.2,4.8,4.1,0.416203855385425,"GNQ"
"Swaziland",2020,"45th",83,5.4,6.8,2.5,9.5,7.9,6.7,8.60970770909793,7.2,8.5,8.6,4.3,7,-2.3,"SWZ"
"Djibouti",2020,"47th",82.7254831216172,5.6,7.3,5.6,6.70347029791166,7.4,4.9,8.12201282370557,7.3,7.4,7.5,7,7.9,-2.37451687838276,"DJI"
"Timor-Leste",2020,"47th",82.6631137750599,6.46311377505994,8.3,5.6,7.2,6.5,7.3,5.8,7.6,4.4,8.9,5.7,8.9,-2.83688622494005,"TLS"
"Nepal",2020,"49th",82.5666021463714,5.6,8.8,9.74887049362539,5.3,5.8,6.11773165274605,6.3,6.3,6.8,8.1,7.5,6.2,-2.13339785362856,"NPL"
"Papua New Guinea",2020,"50th",82.2972904838853,7,7.1,5.4,6.69540759200041,9.1,6.8,6.03146713237436,9.18366141029795,6.88675434921254,7.6,4.6,5.9,-0.702709516114735,"PNG"
"Gambia",2020,"51st",82.2146395678118,6,7.7,2.9,8.1,6,7.6,7.5,7.21557753107562,8.1,8.40133536090666,6.3,6.39772667582954,-1.68536043218818,"GMB"
"Sri Lanka",2020,"52nd",81.8,7.1,9.1,9.1,5.2,6.2,7,6.6,4.2,8.1,5.7,7.5,6,-2.1,"LKA"
"Comoros",2020,"53rd",81.2490123256269,6.5,8,4.5,7.3,7.00874807641519,6.5,7.4,7.457856927628,5.78240732158368,7.9,5.8,7.1,-0.350987674373128,"COM"
"Philippines",2020,"54th",81,9.2,8,7.6,4.6,4.8,5.7,7.3,5.8,7.5,7.6,6.6,6.3,-2.1,"PHL"
"Cambodia",2020,"55th",80.308381103848,6.7,8.6,6,5,5.9,6.9,8.4,7.708381103848,7.3,5.9,4.8,7.1,-2.291618896152,"KHM"
"Solomon Islands",2020,"56th",79.7452464813753,5.9,8.2,5.6,6.8,8.1,6.6,5.9,7.74524648137532,4.3,7.4,4.1,9.1,-2.15475351862468,"SLB"
"Madagascar",2020,"57th",79.530298801715,6.6,7.8,3.2,7,8.88023090451539,6.4,6.24142287084925,8.3,5.8047593294294,9.20388569692093,4.2,5.9,-1.46970119828503,"MDG"
"Guatemala",2020,"58th",79.1763484383477,7.08567634124859,7.1,9.4,4.8,7.2,7.2,6.4,6.6906720970991,7,6.9,5.1,4.3,-2.1236515616523,"GTM"
"Turkey",2020,"59th",79.1473940038892,7.46649835392633,8.8,9.95958672045817,4.61382375970548,5,4.4,7.52216827734346,4.38968946360696,8.29562742884877,4.6,8.7,5.4,-1.15260599611083,"TUR"
"Lesotho",2020,"60th",78.2901153982374,6.68028711335504,7.3,3,8.44091581027616,8.28213643312542,7.82749744499368,5,7.2,5.05927859648709,8,4.6,6.9,-1.30988460176262,"LSO"
"Tanzania",2020,"61st",78.1441366246648,5.4756160441691,5.7,4.7,5.91697592091051,6.8,7.3,6.4,8.5,6.1,8.55154465958512,5.8,6.9,-1.95586337533526,"TZA"
"Nicaragua",2020,"62nd",77.0775115331085,6.1,7.1,5.6,5.55013752830134,7.3,7.6,8.4,5.92737400480719,7.6,4.8,4,7.1,-1.02248846689146,"NIC"
"Laos",2020,"63rd",76.8601874502844,4.7,8.3,6.91249960205907,5.1,5.6,7.1,9.04768784822535,6.1,7,6.4,5.4,5.2,-1.83981254971558,"LAO"
"Honduras",2020,"64th",76.7889769960523,7.16566699960457,7,5,5.8,6.8,6.42321535853509,7,6.51814653790799,6.88194810000468,5.6,5.4,7.2,-1.11102300394766,"HND"
"Colombia",2020,"65th",76.6141921556809,7.23193436816705,7.6,7.1531301692768,4.82757326943974,6.5,5.3,5.8,5.6,6.50155434879729,6.5,7.9,5.7,0.91419215568088,"COL"
"Tajikistan",2020,"66th",75.5051539167252,6.03102027825556,8.4,6.5,6.4,4.2,5.7,9.01829615979852,4.94944196327144,8.32422612032495,7,3.8,5.18216939507479,-2.19484608327475,"TJK"
"Jordan",2020,"67th",75.4285305294128,5.5065299457591,6.9,8.9,6.5,4.9,4.8,6.06221689195637,3.81676017440058,7.1,5.6,8.5,6.84302351729677,-0.471469470587178,"JOR"
"India",2020,"68th",75.3074325844222,6.90743258442218,7.3,8.5,5.6,6.1,5.8,4,6.5,7.6,7.8,4.4,4.8,1.00743258442218,"IND"
"Israel and West Bank",2020,"69th",75.1239717239818,6,8.424,9.99997172398179,3.9,5.9,4.7,5.9,3.9,6.6,5.1,7.5,7.2,-1.4760282760182,NA
"Bolivia",2020,"70th",74.9668695591217,6.2,9,5.9,5.11791295220973,8.3,6.5,7.5,5.9,6.2,6.1,3.3,4.94895660691196,2.06686955912168,"BOL"
"Algeria",2020,"71st",74.5751829006657,6.31776682848494,7.81,7.47240689234354,6.2,5.7,5.8,8.27036582279437,5.1,6.3,4.50464335704289,7.1,4,-0.624817099334253,"DZA"
"Senegal",2020,"71st",74.5646477541905,5.38223810752453,7,5.5,6.9065527289476,6.97925250642478,7.4,3.8,7.19660441129361,5.1,7.1,6.4,5.8,-2.73535224580949,"SEN"
"Kyrgyz Republic",2020,"73rd",73.9293635708095,6.52056390152136,8,8.4,6.1,5,6.7,6.8,4.30879966928818,6.6,5,4.4,6.1,-2.27063642919046,"KGZ"
"Uzbekistan",2020,"74th",73.1038871803098,6.5,8.8,6.3,5.5,5.9,5.2,9.44051166012845,4.1,7.6,4.8,4.7,4.26337552018135,-2.59611281969021,"UZB"
"Brazil",2020,"75th",72.9941137258823,7.1,6.2,7.3,5.24163718271823,7.1,4.2,6.7,6.9,7,7.8,3.6,3.85247654316401,1.19411372588225,"BRA"
"Russia",2020,"76th",72.5585831962108,8,8.1,8.3,4.9,5.3,3.45858319621085,8.3,3.3,8.8,4.1,4.9,5.1,-2.14141680378915,"RUS"
"Benin",2020,"77th",72.5447980853231,5.6,6.7,2.9,6.47550320097242,8.15208713326636,6.8,4.9,8.20857793791345,4.61787654396519,7.61277194878327,4.8,5.77798132042243,-1.05520191467688,"BEN"
"Azerbaijan",2020,"78th",71.2821592080687,5.93854997190831,7.9,5.6,4.35251167585232,5.2,4.29109756030811,9.1,4.5,8,3.7,6.8,5.9,-1.91784079193127,"AZE"
"Micronesia",2020,"79th",71.2356300785565,4,5.6,3.7,7.9,7.4,9.3,4.6,5.64030568175954,3.54532439679699,6,3.6,9.95,-1.76436992144347,NA
"Morocco",2020,"80th",71.2210519787069,5.21430717025188,6.6,8.8,5.17168670131114,5.1,7.6,6.83089547193736,4.60416263520654,5.9,4.3,5.6,5.5,-1.67894802129307,"MAR"
"Georgia",2020,"80th",71.1522951839593,5.9,9.1,7.6,5.3,4.6,5.2,8.5,3.4,5.1,2.95229518395926,6.6,6.9,-0.847704816040741,"GEO"
"Thailand",2020,"82nd",70.8135797452415,8.1,9.682,7.6,3.3,4.6,4.4,7.60786788997722,3.52371185526431,7.8,5.9,5.4,2.9,-2.28642025475847,"THA"
"Sao Tome and Principe",2020,"83rd",70.2819004646152,5,6.3,4.2,7.9,5.70349967564933,8.2,4.7,5.6,2.95662849016688,6.39365378858959,5.1,8.22811851020938,-0.818099535384818,"STP"
"Bosnia and Herzegovina",2020,"84th",70.2204062229371,5.3131328018514,8.7,6.9,5.9,4.4,6.2,6.49853308678127,3.30874033430444,5.1,3.1,6.9,7.9,-1.07959377706289,"BIH"
"South Africa",2020,"85th",70.1072430706828,6.71999969322562,6.6,6.2,7.50713019332629,6.8,5.2,6.2,6.4,3.9,6.57257541368994,4.5,3.50753777044095,-0.992756929317197,"ZAF"
"China",2020,"86th",69.8587878998335,5.79905461419344,7.2,7.4,3.9,6.4,4.3,8.75973328564001,4.8,9.3,5.6,4,2.4,-1.24121210016655,"CHN"
"Fiji",2020,"86th",69.8521221164862,6.8,7.9,6,5.6,5.4,7.9,6,4.1,6,4.07656781212397,2.9,7.17555430436227,-1.84787788351376,"FJI"
"Bhutan",2020,"88th",69.5090226296471,3.6,7.5,8.8,5.00902262964705,5,6.6,3.4,5.2,5.7,5.2,6.1,7.4,-2.39097737035295,"BTN"
"Ecuador",2020,"89th",69.4030345518899,6.20303455188986,8.2,6.4,5.4,6.1,4.9,6,5.6,3.9,5.4,5.9,5.4,-1.69696544811014,"ECU"
"Gabon",2020,"90th",69.0870013354502,5.1,8.295,2.9,5.69286889754193,5.6,5.5,7.82653791037077,6,7.21892358585761,6.55367094167986,3.6,4.8,-1.31299866454984,"GAB"
"Turkmenistan",2020,"90th",69.0581419358668,5.4,7.8,5.7,5,6.1,4.8,9.70748874122613,4.7,8.6,4.8506531946407,3.2,3.2,-2.34185806413316,"TKM"
"Ukraine",2020,"92nd",69.0070417559918,6.97721618576968,8,5.8,6.2,3.3,5.50377592652521,7.1,4.02604964369696,6.3,3.3,4.4,8.1,-2.19295824400815,"UKR"
"El Salvador",2020,"93rd",68.8946437116428,7.11839409554645,4.3,5.8,5.13432797916914,5.5,8.46994270436681,4.07105388581409,5.7009250467463,5.4,6.7,5.3,5.4,-0.905356288357213,"SLV"
"Saudi Arabia",2020,"94th",68.8,6,8.5,8.7,3.9,4.7,3.6,8.1,2.9,8.9,4.4,4.1,5,-1.6,"SAU"
"Tunisia",2020,"95th",68.1259130261734,7.4,7.8,6.8,7.2,4.6,5.9,6.2,4.01462852851852,5.6,3.31128449765485,3.8,5.5,-2.07408697382664,"TUN"
"Indonesia",2020,"96th",67.845504751187,6.07481113215713,7.1,7.4,4.2,4.9,6.6,4.2,5.07069361902982,6.7,6.8,4.5,4.3,-2.55449524881305,"IDN"
"Peru",2020,"97th",67.6281084827671,6.4281084827671,7.4,8.3,3.3,6.5,6.5,7.1,6.4,3.4,5.9,3.8,2.6,-0.571891517232903,"PER"
"Mexico",2020,"98th",67.2,8.8,5.4,6.3,4.2,5,5,5.6,5.9,6,5.2,4.9,4.9,-2.4,"MEX"
"Maldives",2020,"99th",66.2,5.8,8.1,3.9,5,2.7,5.9,7.8,4.9,7.4,5.1,4,5.6,-3.5,"MDV"
"Serbia",2020,"100th",66.1162614378619,4.8,8,7.4,5.9,3.9727928796072,5.6,5.2,3.44346855825467,3.8,3.4,7.7,6.9,-1.88373856213812,"SRB"
"Moldova",2020,"101st",65.9795432773793,5.37389237037444,8.3,6.7,5.5,3.9,7,6,4.7060704179532,4.79958048905166,3.9,3.3,6.5,-1.2204567226207,"MDA"
"Guyana",2020,"101st",65.9510598534009,6.79828102847684,5.1,6.4,5.5,4.8,8.5,4.5,5.42214057533191,3.23063824959218,5.3,3.6,6.8,-2.24894014659906,"GUY"
"Belarus",2020,"103rd",65.7518601013251,5.45186010132514,8.3,6.2,4.9,4,3.7,8.5,3.3,7.4,4.6,2.7,6.7,-2.44813989867486,"BLR"
"Paraguay",2020,"104th",65.1781942179176,6.24242422735859,7.8,4.9,4.6,7,5.3,6.5,5.3,5.4,5,3,4.135769990559,-1.92180578208241,"PRY"
"Namibia",2020,"105th",65.0959152549916,5.0844581725986,3.5,4.9,6.93334739795713,7.6,6.5,2.96902182041354,7.1,2.9,7.90908786402233,4.2,5.5,-1.40408474500839,"NAM"
"Cape Verde",2020,"106th",64.7781708998417,5.081616016601,5.5,3.2,5.71517794568339,6,7.8,4.4,5.1,3.1,6.3,3.9,8.6813769375573,-1.82182910015831,"CPV"
"Dominican Republic",2020,"107th",64.3562020493614,6.42159377954541,6.2,4.9,4.6,5.00644240287177,6.52816586694425,6.3,6,5,6.2,2.7,4.5,-1.84379795063856,"DOM"
"Armenia",2020,"108th",64.2,5.2,7,5,6.2,3.6,6.5,6.6,3.3,6.3,2.37961672357336,6.1,6,-2.6,"ARM"
"Ghana",2020,"108th",64.158169131824,4.9,4.9,3.5,5.4,5.9706534557592,7.5,3.3,6.9,4.7,6.78751567606487,4.3,6,-1.74183086817594,"GHA"
"Bahrain",2020,"110th",63.8879115350461,6.1651291581195,7.6,9.3,3.72026579158914,4.3,3.1,8.33430422309537,2.01787056101612,8.7,3.55034180122594,2,5.1,-0.0120884649539399,"BHR"
"Vietnam",2020,"110th",63.8853972129261,4.21082232293269,6.9,5.5,4,3.9,5.6,8.32329219631945,3.8,7.65128269367396,5,4.4,4.6,-2.2146027870739,"VNM"
"Samoa",2020,"112th",63.2966485589962,4.1,5.1,4.2,6.03875575784134,4,9.75,4.6,4.24195562799478,3.61594003528857,5.2,2.6,9.84999713787151,-0.903351441003803,"WSM"
"Macedonia",2020,"113th",62.1308638467505,5,7.3,6.3,6.1,4.6,5.5,5.4,3.83086384675053,2.9,2.2,7.2,5.8,-2.46913615324947,"MKD"
"Belize",2020,"114th",60.7946673818977,7.09742104190028,4.3,4.4,6,4.5,6,4.3,5,5.44287626534224,4,2.8,6.95437007465514,-1.70533261810234,"BLZ"
"Suriname",2020,"115th",60.1223068310947,4.3,5.8,6.1,6.7,5.6,5.9,4.1,4.7,4,4.8,2.8,5.32230683109472,-1.77769316890528,"SUR"
"Jamaica",2020,"116th",60.0249470387031,6.87942897903888,3.7,2.5,6.2,4.2,8.9,3.9,6.24699581612421,5.51342438462636,4.1,2.9,4.98509785891362,-1.17505296129692,"JAM"
"Kazakhstan",2020,"117th",59.770101356316,4.3,7.6,8.21912351723843,5.3,3.3,3.9,8.45097783907755,3.1,6.4,3.6,2.3,3.3,-1.82989864368402,"KAZ"
"Cuba",2020,"118th",59.2277569826416,4.3,7,3.1,4.3,4.5,5.2330298475018,7.2,3.79472713513982,6.4,5,3.1,5.3,-1.57224301735838,"CUB"
"Albania",2020,"119th",58.7538108104003,5.07258575619685,6.2,4.4,5.77324639763861,2.7,8.1,5.8,3.87273764148437,3.9,3.6,2.93524101508044,6.4,-0.146189189599733,"ALB"
"Malaysia",2020,"120th",57.5618955250914,5.6618955250914,6.8,5.7,2.8,4.2,4.8,6.6,3.3,7.1,4.4,3.3,2.9,-2.9381044749086,"MYS"
"Botswana",2020,"121st",57.0712329698799,3.65558430712719,3.3,4,5.5,6.9,5.2,2.4,6.8,4.87916516283564,7.63648349991703,3.6,3.2,-2.42876703012014,"BWA"
"Brunei Darussalam",2020,"122nd",56.6000275171028,4.5,7.4,6.2,3.33055136460062,7.5,4.1,7.4,1.56947615250219,7.2,2.8,1.3,3.3,-0.899972482897187,"BRN"
"Cyprus",2020,"123rd",56.057964952495,3.8,7.9,5.4,5.1,5,3.8,3.9,2.30584092197011,2.85212403052484,2.9,5,8.1,-1.84203504750505,"CYP"
"Montenegro",2020,"124th",55.4667946840982,4.9,6.5,9,5,1.53705319262254,4.4,4.07565699197095,3.36294733805341,3.69113716145136,1.9,3.7,7.4,0.266794684098251,"MNE"
"Grenada",2020,"125th",55.2468454635643,5.09091397139312,5.6,3.6,5.3,4.6,7.75593149217124,4.6,3.3,2.4,3.9,2.3,6.8,-2.35315453643564,"GRD"
"Seychelles",2020,"126th",54.6754977355289,5.74733808491895,6,4.2,3.6,5.6,5.62256308802126,4.6,2.24941083572678,3.85618572686191,4.2,2.3,6.7,-0.524502264471106,"SYC"
"Greece",2020,"127th",52.1486972202877,4.24869722028766,4.1,4.5,5.2,2.6,3.6,5.8,3.5,3,3.4,5.8,6.4,-1.85130277971234,"GRC"
"Antigua and Barbuda",2020,"127th",52.062351853605,5.7,3.7,3.6,4.8,4.2,6.16235185360497,4.5,3.4,4.2,4,2.6,5.2,-2.33764814639503,"ATG"
"Trinidad and Tobago",2020,"129th",51.9451410707907,6.58895749552862,5.6,3.3,4,4.7,7.5,3.6,3.53328320397893,3.52290037128315,3.6,2.6,3.4,-1.0548589292093,"TTO"
"Mongolia",2020,"129th",51.9352125218904,3.21539263382583,5.5,2.9,4.5,5.5,3.96244707143561,3.8,4.72014937255624,3.96777626099399,4.66944718307876,2.3,6.9,-2.16478747810957,"MNG"
"Kuwait",2020,"131st",50.8992741820963,3.3,7.5,3.8,2.4,3.9,3.3,7.26473890179608,1.81785665033952,7,4.1,2.61667862996066,3.9,-2.30072581790373,"KWT"
"Bahamas",2020,"132nd",49.8685935597567,5.2,4.5,3.2,3.9,4.2,4.06859355975667,2.7,4.3,4.3,6.8,2.7,4,1.06859355975667,"BHS"
"Bulgaria",2020,"133rd",49.1716548154357,4.6,5.3,4.51611162568825,4.9,3.5,4.5,3.6,3.5,2.95554318974748,3.2,4,4.6,-1.42834518456427,"BGR"
"Oman",2020,"134th",47.9911605693786,3.3,6.6,2,4.2,3.9,2.2,6.9122379051207,2.68271451727786,7.2,3.99620814697999,1.8,3.2,-1.90883943062145,"OMN"
"Hungary",2020,"135th",47.6208565769062,2.57381401897693,5.3,3.9,4.5,2.9,3.88350469417311,6.1,2.44464048405787,5,1.25159939316222,5.6,4.16729798653604,-1.97914342309383,"HUN"
"Romania",2020,"136th",46.6546014946823,2.40190975298962,5.7,5.9,4.1,3.3,4.90900432432241,5.3,3.26919413592622,3.27449328144407,2.3,2.3,3.9,-1.24539850531769,"ROU"
"Barbados",2020,"137th",46.4072575350091,4.65316854938149,4.2,3.2,5.4,4.3,5.6,1.6,2.49051009927929,3.36357888634835,4.3,1.6,5.7,-1.49274246499087,"BRB"
"Croatia",2020,"138th",46.0945211833464,2.93012604733338,4.4,4.9,5,2.4,5.2,2.24516010578822,2.63580912912007,2.9,2.6,6.1,4.78342590110473,-1.4054788166536,"HRV"
"Argentina",2020,"138th",46.087950434265,5.2,2.8,4.1,5.4,4.9,2.94012002492434,3.9,3.34783040934069,3.6,3.3,2,4.6,0.0879504342650281,"ARG"
"Panama",2020,"140th",45.9819148884522,5.5,2.2,5.57863609378842,2.73776182137433,6.3,4.3,2.86498188611583,4.4279602431542,3.5,3.8,2.5,2.27257484401944,-1.01808511154778,"PAN"
"Qatar",2020,"141st",43.7398783490979,1.7,5,3.7,1.2,4.6,1.8,6.35459981520311,1.38527853389479,6.1,2.9,1.7,7.3,-1.7601216509021,"QAT"
"Chile",2020,"142nd",42.513526911714,4.1,2.2,3.1,3.55912781309161,5.4,3.54831371628817,5.7,3.5,3.9,4.4,1.9,1.20608538233418,3.61352691171396,"CHL"
"Italy",2020,"143rd",42.353130248878,5.4,4.9,4.6,4.9,2.03588938917129,2.3,3.1,2.71724085970676,1.1,3.2,5,3.1,-1.44686975112195,"ITA"
"Latvia",2020,"144th",42.3112274614448,2.8514889846768,4.3,8.62585859279627,3.2,3.2,5.4,2.5,2.43387988397172,2.7,2,2.1,3,-1.58877253855522,"LVA"
"Poland",2020,"145th",41.0287339186999,2.7,4.2,5.9,3.5,2.1,4.62425044149712,4.2,2.00448347720274,3.9,2.1,2.7,3.1,-1.87126608130014,"POL"
"Spain",2020,"146th",40.3516333562007,3.7,6.9,6.4,4.3,2.6,1.05919530714198,7.2,1.9150287798347,0.912719027234317,1.5,1.9,1.96469024198969,-0.248366643799307,"ESP"
"Costa Rica",2020,"147th",40.1840178496758,3.83273919481046,3.8,3.3,4.62650605159136,4.4,3.8,1.5,3.22613056193067,1.20325612479598,2.51141398520305,3.4,4.58397193134426,-1.81598215032423,"CRI"
"Estonia",2020,"148th",38.5234545101871,2.55196437913262,5.9,7.67149013105445,2.8,2.3,4.6,1.8,2,1.4,1.9,2.2,3.4,-2.17654548981294,"EST"
"United States",2020,"149th",38.2727582781865,3.8,6.8,6.2,1.8411201472953,3.4,1.81850886057932,2.9,1.21312927031191,3.9,3,2.1,1.3,0.272758278186533,"USA"
"United Kingdom",2020,"149th",38.2604753610204,3.8,5.8,6.4,4.4,3.7,2.4995340205209,2.9,1.60629458211507,1.8,1.6209380373461,1.73370872103833,2,1.66047536102041,"GBR"
"Slovak Republic",2020,"151st",38.2218146037554,1.53266050934201,5,6,3.7,2.6,4.02643809254518,4.1,2.13676142543668,2.42595457643154,1.4,2.9,2.4,-2.17818539624459,"SVK"
"United Arab Emirates",2020,"152nd",38.0992251160362,2.8,3.6,2.5,1.9,2.8,2.2,6.52493948011108,1.37428563592511,7.3,3.1,1.9,2.1,-2.00077488396381,"ARE"
"Mauritius",2020,"153rd",37.1847200329928,1.50394792057358,3.2,4.1,4.2,2.6,4.26089737788501,2.1,2.71280882276561,3.83558534502877,2.87148056673986,2,3.8,-1.71527996700717,"MUS"
"Lithuania",2020,"154th",36.470890843369,3.1,3,3.59754391322596,3.6,3.9,4.9,1.8,2.67334693014308,2.4,1.9,1.9,3.7,-1.62910915663096,"LTU"
"Czech Republic",2020,"155th",35.7416161100605,2.9,5.3,4.9,3.7,1.8,3.26694540142059,4.4,1.74262486368676,2.09013897581959,0.941906869133547,2.9,1.8,-1.85838388993951,"CZE"
"Malta",2020,"156th",33.5936458020649,2.7,2,3,3.4,1.7,3.82420461029955,3.4,1.42276605882975,3.10083777885704,2.54583735407852,3.7,2.8,-1.00635419793514,"MLT"
"Uruguay",2020,"157th",33.4057773545784,4.50319973927738,2.7,2.11816495317857,3.73080485236711,3,3.86864164807899,0.484636777842575,2.7574666965837,2.65472583703617,2.9,2.2,2.48813685021392,-0.59422264542159,"URY"
"Japan",2020,"158th",32.3322891170283,1.9,2.6,2.8,3.30052760717812,1.4,3.05067620584878,0.600972326407555,1.34510400760789,3.23500896998594,5.7,3.5,2.9,-2.06771088297172,"JPN"
"South Korea",2020,"159th",32.0152734295899,2.4,3.9,2.4,1.7080754291753,2.1,3.59506144714178,3.3,1.24307596407611,3.06906058919668,2,1.6,4.7,-1.68472657041014,"KOR"
"France",2020,"160th",30.4811110703238,3.8,1.9,6.7,3.4,3.1,2.16504163403912,1.2,1.29547406307583,1.32059537320889,1.9,2.5,1.2,-1.51888892967616,"FRA"
"Belgium",2020,"161st",27.0981446747844,2.9,4.4,4.4,3.9,1.8,2.3,1.1,1.47712797911208,0.7,1.51723566642652,2,0.603781029245816,-1.60185532521559,"BEL"
"Singapore",2020,"162nd",26.3261946557654,1,4,1.7,1.1,2.9,2.4,3.84474945190113,1,4.33534465392639,2.04610054993788,1,1,-1.7738053442346,"SGP"
"Slovenia",2020,"163rd",25.8464802243814,0.71057287891429,2,3.9,2.9,2.5,3.59127561350853,1.8,1.37754064966292,1.16709108229567,1.4,3.1,1.4,-2.15351977561859,"SVN"
"Austria",2020,"164th",24.108703082431,1.9,3.2,4.2,1.3,2,1.57017749409694,0.8,1.33852558833405,0.6,1.9,4.7,0.6,-0.791296917569011,"AUT"
"Portugal",2020,"165th",23.5146633108909,0.7,2.5,1.6,4,1.67024198745068,2.5,0.819792043707756,1.9,0.9,1.8,1.92462927973249,3.2,-1.68533668910908,"PRT"
"Germany",2020,"166th",23.1884885188867,2.6,2.6,4.3,1.3,2.1,2.07439222449103,0.5,0.968940084160435,0.845156210235277,1.1,4.3,0.5,-1.51151148111326,"DEU"
"Netherlands",2020,"167th",22.8598351875015,2.4,3.4,3.9,1.82440957070073,1.3,2.45024337272812,0.7,0.784854471207691,0.888005066085088,1.61232270677989,2.9,0.7,-1.94016481249848,"NLD"
"Ireland",2020,"168th",19.9394168808973,3,1.5,0.7,2.5,1.31455505892334,3.1,0.450198861813681,1.44135392243435,1.82843772652862,1.72540438613773,1.1,1.27946692505959,-0.660583119102691,"IRL"
"Australia",2020,"169th",19.7464088575752,3,1.7,3.4,1.3,1.54640885757521,0.7,0.7,1.8,1.4,1.9,1.8,0.5,0.0464088575752069,"AUS"
"Luxembourg",2020,"170th",18.8492404075067,1,3.4,2.4,1.5,1.13580227915477,1.61765765242193,0.5,1.4,1.24586510899251,1.34991536693751,2.8,0.5,-1.55075959249329,"LUX"
"Canada",2020,"171st",18.668898507981,3.1,2.5,2.5,1.24508813104487,1.8,1.4,0.5,0.83823589053118,1.3855744864049,1,1.9,0.5,-1.43110149201905,"CAN"
"Sweden",2020,"172nd",18.2092019498952,3,1.8,1.4,1.50690386330653,1.2,0.840991535654515,0.5,0.861306550934108,0.6,1.3,4.6,0.6,-2.09079805010485,"SWE"
"New Zealand",2020,"173rd",17.8798962913847,1.5,1.4,2.9,2.9,1.6,2,0.5,0.879896291384673,0.5,1.4,1.7,0.6,-2.22010370861533,"NZL"
"Iceland",2020,"174th",17.8,1,1.8,0.7,2.8,1,2.2,0.7,0.7,0.7,1,1.7,3.5,-2,"ISL"
"Denmark",2020,"175th",17.2135866795281,1.6,1.4,4,1.3,0.9,1.6,0.6,0.913586679528065,1.4,1.3,1.7,0.5,-2.28641332047194,"DNK"
"Switzerland",2020,"176th",17.0940857026235,1.4,1,3,1.6,1.5,1.4,0.5,1.05249901464145,1.1,1.24158668798204,2.8,0.5,-1.60591429737651,"CHE"
"Norway",2020,"177th",16.1912104870265,1.8,1.1,3.6,1.69121048702654,0.7,1,0.5,1.1,0.6,0.9,2.5,0.7,-1.80878951297346,"NOR"
"Finland",2020,"178th",14.6266661909166,2.8,1.4,0.9,2.6,0.5,1.7,0.6,0.626666190916627,0.5,0.7,1.6,0.7,-2.27333380908337,"FIN"
"Yemen",2019,"1st",113.5,10,10,9.6,9.7,8.1,7.3,9.8,9.8,9.9,9.7,9.6,10,0.8,"YEM"
"Somalia",2019,"2nd",112.3,9.6,10,8.9,8.8,9.4,9.2,9,9.4,9.3,10,9.4,9.2,-0.9,"SOM"
"South Sudan",2019,"3rd",112.2,9.7,9.7,9.4,9.8,8.9,6.5,10,9.8,9.3,9.7,10,9.4,-1.2,"SSD"
"Syria",2019,"4th",111.5,9.8,9.9,10,8.8,7.5,8.4,9.9,9.4,10,7.9,10,10,0.1,"SYR"
"Congo Democratic Republic",2019,"5th",110.2,8.8,9.8,10,8.3,8.6,7,9.4,9.2,9.6,9.8,10,9.7,-0.5,"COD"
"Central African Republic",2019,"6th",108.9,8.6,9.4,8.3,8.7,9.9,7.1,9.1,10,9.5,9.1,10,9.2,-2.3,"CAF"
"Chad",2019,"7th",108.5,9.5,9.8,8.2,9,9,8.5,9.6,9.1,8.8,9.5,9.5,8,0.2,"TCD"
"Sudan",2019,"8th",108,8.4,9.7,10,8.1,7.7,8.3,9.8,8.6,9.4,9.4,9.6,8.9,-0.7,"SDN"
"Afghanistan",2019,"9th",105,10,8.6,7.8,8.6,7.5,7.8,9,9.8,7.9,9.3,9.6,9.1,-1.6,"AFG"
"Zimbabwe",2019,"10th",99.5,8.8,10,6.7,8.1,7.9,7.3,9.4,8.6,8.2,9,8.2,7.3,-2.8,"ZWE"
"Guinea",2019,"11th",99.4,8.6,9.6,9.1,8.6,7.3,7.1,9.8,9.2,7.1,8.6,7.6,6.8,-2.2,"GIN"
"Haiti",2019,"12th",99.3,7.2,9.3,5.9,8.4,9.2,8.4,8.8,9.2,7.2,8.7,7.4,9.6,-2.7,"HTI"
"Iraq",2019,"13th",99.1,8.7,9.6,8.8,5.9,6.7,7.1,8.9,8.7,8.1,8.4,9.1,9.1,-3.1,"IRQ"
"Nigeria",2019,"14th",98.5,9,9.9,9.4,7.8,8.1,6.9,8,8.9,8.3,9.2,7.2,5.9,-1.4,"NGA"
"Burundi",2019,"15th",98.2,8.6,7.9,7.9,8.4,7.2,6,9,8.2,9,9.1,8.4,8.4,0.8,"BDI"
"Cameroon",2019,"16th",97,8.5,9.6,8.5,6.5,7.5,7.5,9.2,8.2,7.7,8.3,8.3,7.2,1.7,"CMR"
"Eritrea",2019,"17th",96.4,6.6,8.1,7.7,7.7,8.4,8.9,9.4,7.8,8.7,8.4,7.7,7,-0.8,"ERI"
"Niger",2019,"18th",96.2,8.7,8.9,7.7,7.1,8,7.6,7.3,9.3,6.8,8.8,8.3,7.8,0.1,"NER"
"Guinea Bissau",2019,"19th",95.5,8.3,9.6,4.9,7.7,9.2,7.5,8.9,8.9,7.2,8.5,6.7,8,-2.6,"GNB"
"Uganda",2019,"20th",95.3,7.5,8.9,8.3,6.3,7,7.3,8.6,7.8,8,9,9.1,7.5,0.2,"UGA"
"Mali",2019,"21st",94.5,9.5,5.4,8.1,7.4,7,8.3,6.5,8.5,7.6,8.3,8.4,9.6,1,"MLI"
"Myanmar",2019,"22nd",94.3,8.7,8,9.8,5.3,7.1,6.9,8.3,8.3,9.3,5.8,9.1,7.7,-1.8,"MMR"
"Pakistan",2019,"23rd",94.2,8.5,9.3,9.4,6.3,5.9,6.8,7.9,8,7.4,7.8,8.1,8.8,-2.2,"PAK"
"Ethiopia",2019,"23rd",94.2,8.2,7.9,8.5,6.4,6.5,6.6,8,8.3,8.2,9,8.7,7.9,-5.3,"ETH"
"Kenya",2019,"25th",93.5,7.9,9.1,8.6,6.6,7.4,7.2,8.2,8,6.8,8.6,7.7,7.5,-3.8,"KEN"
"North Korea",2019,"26th",92.7,8.3,8.5,5.8,8.9,7.5,4.4,10,8.6,9.4,7.1,4.4,9.8,-0.5,"PRK"
"Congo Republic",2019,"27th",92.5,7,6.7,7.8,7.6,8.1,7.4,9,8.9,8.4,8.1,7,6.5,-0.6,"COG"
"Libya",2019,"28th",92.2,9,9.7,7.5,7.7,5.3,6,9.7,6.4,9.1,4.3,7.7,9.7,-2.4,"LBY"
"Cote d'Ivoire",2019,"29th",92.1,7.4,9.1,7.5,6.7,7.6,7,7.3,8.2,7.3,8.3,7.2,8.4,-2.4,"CIV"
"Liberia",2019,"30th",90.2,6.7,8.3,5.2,7.9,7.8,7.5,6.6,8.7,6.5,8.2,8.1,8.7,-2.3,"LBR"
"Mauritania",2019,"31st",90.1,6.3,8.8,7,7.1,6.2,6.9,8.3,8.6,7.5,8.5,7.4,7.4,-2.1,"MRT"
"Venezuela",2019,"32nd",89.3,7.4,8.8,7.6,8.6,6.9,6.1,9.3,8.3,9,6.2,5.6,5.5,3.1,"VEN"
"Mozambique",2019,"33rd",88.7,6.7,6.6,5.6,8.6,9.3,7.7,6.8,9.1,5.6,9.3,5.9,7.4,0,"MOZ"
"Egypt",2019,"34th",88.4,8.2,9.1,8.9,7.9,5.7,5.3,8.6,4.3,10,6.3,6.7,7.3,-0.4,"EGY"
"Angola",2019,"35th",87.8,6.9,7.2,7.5,6.6,9.3,6.6,8,8.7,6.7,8.9,6.5,4.9,-1.6,"AGO"
"Bangladesh",2019,"36th",87.7,7.6,9.6,8,6.1,6.1,7.6,7.6,7.5,7.3,7,7.5,5.8,-2.6,"BGD"
"Rwanda",2019,"37th",87.5,6,8,9.8,6.2,7.8,7.1,6.8,6.8,6.6,7.4,8.1,6.9,-1.8,"RWA"
"Togo",2019,"38th",87.4,7,7.6,5.4,7,8.3,7.5,8.5,8.5,7.2,7.5,6.9,6,2.3,"TGO"
"Sierra Leone",2019,"39th",86.8,4.4,7.8,6.2,8.6,8.3,8,6.3,8.8,5.2,8.5,7.4,7.3,-2.3,"SLE"
"Zambia",2019,"40th",85.7,5.1,5.9,5.3,7.5,9.4,7.3,8.1,7.3,7.4,9.2,6.1,7,-1.6,"ZMB"
"Timor-Leste",2019,"41st",85.5,6.6,8.3,5.9,7.5,6.8,7.6,6.1,7.9,4.7,9.2,5.7,9.2,-2.8,"TLS"
"Eswatini",2019,"42nd",85.3,5.7,6.8,2.8,9.8,8.2,7,8.5,7.5,8.8,8.6,4.3,7.3,-2.3,"SWZ"
"Djibouti",2019,"43rd",85.1,5.9,7.3,5.9,7,7.7,5.2,8.1,7.6,7.7,7.8,6.7,8.2,-2.1,"DJI"
"Lebanon",2019,"44th",85,8.1,9.6,8.2,6,5.2,5.6,7.1,5.1,7.2,5,8.7,9.1,-1.8,"LBN"
"Nepal",2019,"45th",84.7,5.9,8.8,9.7,5.6,6.1,6.2,6.6,6.6,7.1,8.4,7.2,6.5,-3.2,"NPL"
"Sri Lanka",2019,"46th",84,6.8,9.1,9,5.5,6.5,7.1,6.9,4.5,8.4,6,7.8,6.3,-0.9,"LKA"
"Burkina Faso",2019,"47th",83.9,8.2,7.8,3.9,6.9,7.6,7.2,6.5,8.1,5.6,8.5,6,7.5,-2.7,"BFA"
"Gambia",2019,"47th",83.9,6.3,7.7,3.2,8.4,6.3,7.9,7.8,7.3,8.4,8.2,6,6.4,-3.2,"GMB"
"Malawi",2019,"49th",83.3,4.8,8.1,5.3,8,8.1,7.4,6.1,8,5.9,9.1,5.2,7.4,-2.2,"MWI"
"Papua New Guinea",2019,"50th",83.1,6.7,7.1,5.7,6.4,8.8,7.1,6.2,9.1,7,8.1,4.6,6.2,-1.7,"PNG"
"Philippines",2019,"50th",83.1,9.5,8,7.9,4.9,5.1,6,7.2,6.1,7.4,7.5,6.9,6.6,-2.4,"PHL"
"Iran",2019,"52nd",83,6.9,9.6,9.5,6.9,5.3,5.9,9,3.9,8.9,4.5,5.9,6.7,-1.3,"IRN"
"Equatorial Guinea",2019,"53rd",82.6,5.9,8.2,6.3,5.9,8.1,4.9,9.8,8.1,8.6,7.9,4.5,4.4,-0.8,"GNQ"
"Cambodia",2019,"54th",82.5,6.4,8.6,6.3,5.3,6.2,7.2,8.7,7.6,7.6,6.2,5.1,7.4,-1.6,"KHM"
"Solomon Islands",2019,"55th",81.9,5.9,8.2,5.9,7.1,8.4,6.9,6.2,7.8,4.6,7.7,4.4,8.8,-1.2,"SLB"
"Comoros",2019,"56th",81.7,6.5,8,4.8,7.6,7,6.8,7.1,7.6,5.9,7.6,5.3,7.4,-0.9,"COM"
"Guatemala",2019,"57th",81.4,7.1,7.1,9.1,5.1,7.5,7.3,6.7,6.9,7.3,7.2,5.4,4.6,-0.4,"GTM"
"Madagascar",2019,"58th",80.9,6.9,7.8,3.5,7.3,9,6.7,6.5,8.6,5.6,9,3.9,6.2,-2.7,"MDG"
"Turkey",2019,"59th",80.3,7.7,8.8,10,4.6,5.3,4.7,7.5,4.6,8.1,4.9,9,5.1,-1.9,"TUR"
"Tanzania",2019,"60th",80.1,5.4,5.7,5,6.2,7.1,7.6,6.3,8.8,6.4,8.3,6.1,7.2,0.8,"TZA"
"Lesotho",2019,"61st",79.7,6.5,7.3,3.3,8.5,8.1,8,5.3,7.5,5.2,8.3,4.4,7.2,-0.4,"LSO"
"Laos",2019,"62nd",78.7,5,8.3,6.7,5.4,5.9,7.4,9,6.4,7.3,6.7,5.1,5.5,-2,"LAO"
"Nicaragua",2019,"63rd",78.1,5.8,7.1,5.9,5.7,7.4,7.9,8.1,6.2,7.3,5.1,4.2,7.4,2.8,"NIC"
"Honduras",2019,"64th",77.8,7,7.3,5.3,6.1,7.1,6.4,6.9,6.4,6.9,5.9,5.1,7.5,0.6,"HND"
"Tajikistan",2019,"65th",77.7,6.1,8.4,6.8,6.7,4.5,6,9,5.2,8.6,7.3,3.8,5.3,-1.8,"TJK"
"Senegal",2019,"66th",77.2,5.6,7,5.8,7.1,7,7.7,4.1,7.4,5.4,7.4,6.7,6.1,-2.4,"SEN"
"Israel and West Bank",2019,"67th",76.5,6.3,8.1,10,4.2,6.2,4.4,6.2,4.2,6.9,5.4,7.2,7.5,-2,NA
"Kyrgyz Republic",2019,"68th",76.2,6.5,8,8.1,6.4,5.3,7,7.1,4.5,6.9,5.3,4.7,6.4,-2.4,"KGZ"
"Jordan",2019,"69th",75.9,5.3,6.9,8.6,6.8,5.2,4.5,6,3.6,7.4,5.9,8.8,6.9,-0.8,"JOR"
"Colombia",2019,"70th",75.7,6.9,7.6,7.1,4.8,6.8,5.6,5.7,5.3,6.7,6,7.8,5.4,-0.9,"COL"
"Uzbekistan",2019,"70th",75.7,6.8,8.8,6.6,5.8,6.2,5.5,9.5,4.4,7.9,5.1,5,4.1,-3.4,"UZB"
"Algeria",2019,"72nd",75.4,6.6,7.1,7.4,6.3,6,6.1,7.4,5.4,6.6,4.6,7.4,4.3,-0.4,"DZA"
"Russia",2019,"73rd",74.7,8.3,8.1,8.6,4.6,5.6,3.6,8.2,3.6,9.1,4.4,5.2,5.4,-2.5,"RUS"
"India",2019,"74th",74.4,7.2,7.3,8,5.3,6.4,6.1,4.1,6.8,5.6,7.7,4.7,5.1,-2,"IND"
"Benin",2019,"75th",73.6,5.9,6.7,2.8,6.5,8,7.1,4.8,8.3,4.9,7.7,4.9,6,-2.1,"BEN"
"Azerbaijan",2019,"76th",73.2,5.8,7.9,5.9,4.4,5.5,4.3,9,4.8,8.3,4,7.1,6.2,-1.4,"AZE"
"Thailand",2019,"77th",73.1,8.4,9.4,7.9,3.2,4.7,4.7,7.8,3.8,8.1,6.2,5.7,3.2,-1.9,"THA"
"Morocco",2019,"78th",73,5.2,6.6,8.5,5.2,5.4,7.9,6.8,4.8,6.2,4.6,5.9,5.8,-1,"MAR"
"Micronesia",2019,"78th",73,4,5.6,3.7,8.2,7.7,9.6,4.9,5.4,3.8,6.3,3.9,9.9,-1.5,NA
"Bolivia",2019,"80th",72.9,5.9,8,5.4,5.4,8.2,6.8,6.7,6.2,5.7,6,3.4,5.2,-2.4,"BOL"
"Georgia",2019,"81st",72,6.2,9.1,7.3,5.6,4.9,4.9,8.1,3.7,5,3.1,6.9,7.2,-2,"GEO"
"Bhutan",2019,"81st",72,3.9,7.5,8.5,5,5.3,6.9,3.7,5.5,6,5.5,6.4,7.7,-2.3,"BTN"
"Brazil",2019,"83rd",71.8,7,6.2,7,5,7.4,4.5,7,6.6,6.9,7.3,3.3,3.6,3.1,"BRA"
"Fiji",2019,"84th",71.7,6.8,7.9,6.3,5.9,5.7,8.2,6.3,4.4,6.3,4.1,2.7,7.1,-2.8,"FJI"
"Turkmenistan",2019,"85th",71.4,5.7,7.8,6,5.3,6.4,5.1,9.7,5,8.9,5.1,2.9,3.5,-1.3,"TKM"
"Bosnia and Herzegovina",2019,"86th",71.3,5.4,8.7,7.2,6.2,4.7,5.9,6.3,3.1,5,3.4,7.2,8.2,0,"BIH"
"Ecuador",2019,"87th",71.2,6.2,8.2,6.7,5.7,6.4,5.2,5.7,5.9,4.2,5.7,5.5,5.7,-3.1,"ECU"
"Sao Tome and Principe",2019,"88th",71.1,5,6.3,4.2,8.2,6,8.5,5,5.3,2.9,6.4,4.8,8.5,-1,"STP"
"China",2019,"88th",71.1,5.6,7.2,7.3,4.2,6.7,4.6,8.7,5.1,8.8,5.9,4.3,2.7,-1.3,"CHN"
"South Africa",2019,"88th",71.1,6.5,6.6,6.1,7.3,6.9,5.5,6.5,6.7,4.2,6.6,4.8,3.4,-1.8,"ZAF"
"Ukraine",2019,"91st",71,7.1,8,6.1,6.5,3.6,5.2,7.6,3.8,6.6,3.6,4.7,8.4,-1.5,"UKR"
"Gabon",2019,"92nd",70.5,4.8,7.9,3.2,5.8,5.9,5.8,7.8,6.3,7.4,6.5,3.9,5.1,-2,"GAB"
"Saudi Arabia",2019,"93rd",70.4,6,8.5,8.4,4.2,4.7,3.9,8.4,3.2,9.3,4.7,4.4,4.7,0.2,"SAU"
"Indonesia",2019,"93rd",70.4,5.9,7.1,7.3,4.5,5.2,6.9,4.5,5.3,7,7.3,4.8,4.6,-1.9,"IDN"
"Tunisia",2019,"95th",70.1,7.7,7.8,7.1,6.7,4.9,5.9,6.7,4,5.9,3.6,4.1,5.8,-2,"TUN"
"El Salvador",2019,"96th",69.8,6.9,4.3,6.1,5.4,5.8,8.5,4.2,5.8,5.7,7,4.8,5.3,-1.3,"SLV"
"Maldives",2019,"96th",69.8,5.8,8.6,4.2,5.3,3,6.2,8.3,5.2,7.7,5.4,4.1,5.9,-2.6,"MDV"
"Mexico",2019,"98th",69.7,8.8,5.4,6.6,4.5,5.5,5.3,5.9,6.2,5.9,5.5,4.8,5.2,-1.9,"MEX"
"Peru",2019,"99th",68.2,6.5,6.9,8,3.6,6.8,6.8,6.6,6.1,3.7,6.2,4.1,2.9,-1.9,"PER"
"Guyana",2019,"99th",68.2,6.7,5.1,6.7,5.8,5.1,8.8,4.8,5.6,3.4,5.6,3.5,7.1,-2.2,"GUY"
"Belarus",2019,"99th",68.2,5.5,8.3,6.5,5.2,4.3,3.4,8.8,3.6,7.7,4.9,3,7,-2.3,"BLR"
"Serbia",2019,"102nd",68,5.1,8,7.7,6.2,4.2,5.3,5.5,3.6,4.1,3.7,8,6.6,-0.1,"SRB"
"Moldova",2019,"103rd",67.1,5.5,8.3,7,5.8,4.2,6.7,6.3,4.5,4.6,4.2,3.3,6.8,-2.4,"MDA"
"Paraguay",2019,"104th",67,6.2,7.8,5.2,4.9,7.3,5.6,6.8,5.6,5.7,4.9,2.9,4.2,-2.7,"PRY"
"Armenia",2019,"105th",66.7,4.9,7.4,5.5,6.5,3.9,6.4,7.1,3.3,6.6,2.5,6.4,6.3,-2.8,"ARM"
"Cape Verde",2019,"106th",66.6,5,5.5,3.5,5.8,6.3,7.5,4.7,5.4,3.4,6.6,4.2,8.7,-1.4,"CPV"
"Namibia",2019,"107th",66.4,5.1,3.5,5.2,7,7.9,6.8,3,6.8,3.2,7.8,4.4,5.8,-2.4,"NAM"
"Dominican Republic",2019,"108th",66.2,6.4,6.2,5.2,4.9,5.3,6.6,6,6.3,5.3,6.5,2.7,4.8,-3,"DOM"
"Vietnam",2019,"109th",66.1,4.2,6.9,5.8,4.3,4.2,5.9,8.4,4.1,7.8,5.5,4.1,4.9,-2.3,"VNM"
"Ghana",2019,"110th",65.9,4.6,4.9,3.8,5.7,6,7.8,3.6,7.2,5,6.6,4.4,6.3,-2.3,"GHA"
"Macedonia",2019,"111th",64.6,5.3,7.3,6.6,6.4,4.9,5.2,5.7,3.9,3.2,2.5,7.5,6.1,-0.2,"MKD"
"Samoa",2019,"112th",64.2,4.1,5.1,4.2,6.2,4.3,9.5,4.9,4.3,3.9,5.1,2.9,9.7,-1.3,"WSM"
"Bahrain",2019,"113th",63.8,6.3,7.6,9,3.9,4.3,3.4,8.5,1.8,8.6,3.7,2,4.8,-0.6,"BHR"
"Belize",2019,"114th",62.5,6.9,4.3,4.1,6.3,4.8,6.3,4.6,5.3,5.3,4.3,3.1,7.2,-1.2,"BLZ"
"Suriname",2019,"115th",61.9,4.6,5.8,5.8,7,5.9,6.2,4.4,5,4.3,5.1,2.5,5.3,-2.1,"SUR"
"Kazakhstan",2019,"116th",61.6,4.6,7.6,8.1,5.6,3.6,3.6,8.5,3.4,6.7,3.9,2.4,3.6,-1.8,"KAZ"
"Jamaica",2019,"117th",61.2,6.8,3.7,2.8,6.5,4.5,8.6,4.2,6.2,5.6,4.4,2.7,5.2,-1.9,"JAM"
"Cuba",2019,"118th",60.8,4.6,7,3.4,4.2,4.8,5.2,7.5,3.9,6.7,5.3,3.4,4.8,-2.1,"CUB"
"Malaysia",2019,"119th",60.5,5.8,6.8,6,3.1,4.5,5.1,6.9,3.6,7.4,4.7,3.4,3.2,-3,"MYS"
"Botswana",2019,"120th",59.5,3.8,3.3,4.3,5.8,7.2,5.5,2.7,6.5,5.1,7.9,3.9,3.5,-2.5,"BWA"
"Albania",2019,"121st",58.9,5.1,6.2,4.3,6,3,7.8,5.7,3.8,4.2,3.1,3,6.7,-1.2,"ALB"
"Cyprus",2019,"122nd",57.8,4.1,7.9,5.7,5.4,5.3,3.5,4.2,2.1,2.8,3.2,5.3,8.4,-2.4,"CYP"
"Grenada",2019,"123rd",57.6,5.2,5.6,3.6,5.6,4.6,7.9,4.9,3.6,2.7,4.2,2.6,7.1,-2.3,"GRD"
"Brunei Darussalam",2019,"124th",57.5,4.5,7.4,5.9,3.5,7.5,4.4,7.7,1.5,7.1,3.1,1.6,3.3,-2.3,"BRN"
"Montenegro",2019,"125th",55.3,4.6,6.5,8.5,5.3,1.8,4.1,4.1,3.3,3.7,2.2,4,7.1,-0.1,"MNE"
"Seychelles",2019,"126th",55.2,5.8,6,4.2,3.9,5.3,5.7,4.9,2.1,3.8,4.5,2.6,6.4,-1.6,"SYC"
"Antigua and Barbuda",2019,"127th",54.4,5.7,3.7,3.6,5.1,4.2,6.4,4.8,3.7,4.5,4.3,2.9,5.5,-1.2,"ATG"
"Mongolia",2019,"128th",54.1,3.2,5.5,3.2,4.8,5.8,3.8,4.1,4.8,4.2,4.9,2.6,7.2,-0.8,"MNG"
"Greece",2019,"129th",53.9,4.3,4.1,4.8,5.7,2.9,3.3,6.1,3.8,3.3,3.9,5.7,6.1,-1.4,"GRC"
"Kuwait",2019,"130th",53.2,3.6,7.5,4.1,2.4,3.9,3.6,7.3,2,7.3,4.4,2.9,4.2,-2.7,"KWT"
"Trinidad and Tobago",2019,"131st",53,6.5,5.6,3.6,4.3,4.7,7.8,3.9,3.7,3.6,3.9,2.3,3.1,-1.6,"TTO"
"Bulgaria",2019,"132nd",50.6,4.3,5.3,4.8,5.2,3.8,4.2,3.9,3.8,3.2,3.5,4.3,4.3,-1,"BGR"
"Oman",2019,"133rd",50,3.6,6.6,2.3,4.1,4.2,2.5,7,2.9,7.5,4.2,2.1,2.9,-2.7,"OMN"
"Hungary",2019,"134th",49.6,2.7,5.3,4.2,4.8,3.2,3.6,6.4,2.6,5.3,1.4,5.9,4.2,-0.6,"HUN"
"Bahamas",2019,"135th",48.8,4.9,4.5,3.5,4.2,4.2,4.3,3,4,4,6.3,2.2,3.7,-1.2,"BHS"
"Barbados",2019,"136th",48,4.6,4.2,3.5,5.7,4.3,5.3,1.9,2.4,3.5,4.6,1.9,6,-0.2,"BRB"
"Romania",2019,"137th",47.8,2.5,5.7,6.2,4.4,3.6,4.5,5.6,3.4,3.5,2.6,2.3,3.6,-1.5,"ROU"
"Croatia",2019,"138th",47.5,3,4.4,5.2,5.3,2.7,4.9,2.3,2.6,3.2,2.9,6.4,4.6,-1.3,"HRV"
"Panama",2019,"139th",47,5.2,2.2,5.6,2.8,6.6,4.6,2.9,4.4,3.8,4.1,2.5,2.3,-2.5,"PAN"
"Argentina",2019,"140th",46,4.9,2.8,4.4,4.9,5.2,3,4.2,3.3,3.9,3.2,1.9,4.3,0,"ARG"
"Qatar",2019,"141st",45.4,2,5,4,1.5,4.6,2.1,6.4,1.3,6.4,3.2,1.4,7.6,-2.6,"QAT"
"Latvia",2019,"142nd",43.9,3,4.3,8.5,3.5,3.5,5.1,2.8,2.4,3,2.3,2.2,3.3,-1,"LVA"
"Italy",2019,"143rd",43.8,5.1,4.9,4.9,5.2,2.3,2,3.4,3,1.4,3.5,5.3,2.8,0,"ITA"
"Poland",2019,"144th",42.8,2.4,4.2,6.2,3.8,2.4,4.7,4.1,2.1,4.2,2.4,3,3.4,1.4,"POL"
"Costa Rica",2019,"145th",42,3.7,3.8,3.6,4.6,4.7,4.1,1.8,3.4,1.5,2.7,3.7,4.4,-1.2,"CRI"
"Estonia",2019,"146th",40.8,2.7,5.9,7.6,3.1,2.6,4.3,2.1,2.3,1.7,2.2,2.5,3.7,-2.2,"EST"
"Spain",2019,"147th",40.7,3.4,6.9,6.1,4.6,2.9,1.3,6.9,1.9,1.2,1.4,2,2,-0.7,"ESP"
"Slovak Republic",2019,"148th",40.5,1.8,5,6.3,4,2.9,4,4.4,2,2.4,1.7,3.2,2.7,-2,"SVK"
"United Arab Emirates",2019,"149th",40.1,3.1,3.6,2.8,2.2,2.8,2.5,6.6,1.6,7.6,3.4,1.8,2.1,-2.7,"ARE"
"Mauritius",2019,"150th",38.9,1.7,3.2,3.8,4.5,2.9,4.3,2.4,2.9,3.8,3,2.3,4.1,-1.6,"MUS"
"Chile",2019,"150th",38.9,3.8,2.2,3,3.7,5.1,3.8,2.7,3.4,3.2,4.7,1.8,1.5,-1.8,"CHL"
"Lithuania",2019,"152nd",38.1,2.8,3,3.8,3.9,4.2,4.6,2.1,2.9,2.7,2.2,1.9,4,-1.3,"LTU"
"United States",2019,"153rd",38,3.5,5.8,6.1,2.1,3.7,1.9,2.6,1.2,3.8,3.3,2.4,1.6,0.3,"USA"
"Czechia",2019,"154th",37.6,3.2,5.3,4.8,4,2.1,3,4.7,2,2.2,1,3.2,2.1,-1.4,"CZE"
"United Kingdom",2019,"155th",36.7,3.5,5.5,6.4,3.9,4,2.5,2.3,1.5,1.5,1.9,1.6,2,2.4,"GBR"
"Malta",2019,"156th",34.5,3,2,3.3,3.7,2,3.7,3.3,1.5,3.1,2.4,3.8,2.8,-1.7,"MLT"
"Japan",2019,"157th",34.3,1.6,2.6,3.1,3.5,1.4,3.3,0.9,1.6,3.2,6.2,3.8,3.2,-0.1,"JPN"
"Uruguay",2019,"158th",34,4.3,2.7,2.2,3.8,3.3,3.8,0.7,2.7,2.9,3.2,2.1,2.3,-1.4,"URY"
"South Korea",2019,"159th",33.7,2.1,3.9,2.7,1.9,2.4,3.7,3.6,1.3,3.2,2.3,1.6,5,-2.1,"KOR"
"France",2019,"160th",32,3.5,1.9,7,3.7,3.4,2.3,1.5,1.2,1.6,2.2,2.2,1.5,-0.3,"FRA"
"Belgium",2019,"161st",28.6,2.6,4.4,4.7,4.2,2.1,2,1.4,1.7,1,1.7,2.2,0.7,-1,"BEL"
"Singapore",2019,"162nd",28.1,1,4,2,1.4,3.2,2.7,3.9,1,4.6,2.2,1.1,1,-2.4,"SGP"
"Slovenia",2019,"163rd",28,1,2,4.2,3.2,2.8,3.6,2.1,1.3,1,1.7,3.4,1.7,-2.3,"SVN"
"Portugal",2019,"164th",25.3,1,2.5,1.9,4.5,1.9,2.2,1,2.2,1.2,2.1,1.8,2.9,-2,"PRT"
"Austria",2019,"165th",25,1.6,3.2,4.5,1.6,2.3,1.4,1.1,1.1,0.9,1.3,5,0.9,-1.2,"AUT"
"Netherlands",2019,"166th",24.8,2.1,3.4,4.2,2.1,1.6,2.5,1,0.8,1,1.9,3.2,1,-1.4,"NLD"
"Germany",2019,"167th",24.7,2.3,2.6,4.6,1.6,2.4,2.1,0.7,0.9,0.8,1.4,4.6,0.7,-1.1,"DEU"
"Ireland",2019,"168th",20.6,2.7,1.5,1,2.8,1.6,2.8,0.7,1.4,1.8,1.7,1.4,1.2,-0.1,"IRL"
"Luxembourg",2019,"169th",20.4,1.3,3.4,2.7,1.2,1.2,1.7,0.7,1.7,1,1.6,3.1,0.8,-0.3,"LUX"
"Sweden",2019,"170th",20.3,2.7,1.8,1.7,1.5,1.5,1.1,0.8,0.9,0.9,1.6,4.9,0.9,-0.5,"SWE"
"New Zealand",2019,"171st",20.1,1.4,1.4,3.2,3.2,1.9,2.3,0.6,1,0.8,1.7,1.7,0.9,-0.8,"NZL"
"Canada",2019,"172nd",20,2.8,2.5,2.8,1.5,2.1,1.7,0.7,1,1.4,1.3,1.6,0.7,-1.5,"CAN"
"Iceland",2019,"173rd",19.8,0.7,1.8,1,3.1,0.9,2.5,1,1,1,1.3,1.7,3.8,-0.5,"ISL"
"Australia",2019,"174th",19.7,2.7,1.7,3.3,1.6,1.6,1,1,1.5,1.7,1.2,1.7,0.7,-1.1,"AUS"
"Denmark",2019,"175th",19.5,1.3,1.4,4.3,1.6,1.2,1.9,0.9,0.9,1.7,1.6,2,0.7,-0.3,"DNK"
"Switzerland",2019,"176th",18.7,1.1,1,3.3,1.9,1.8,1.7,0.7,1,1.4,1.4,2.7,0.7,-0.5,"CHE"
"Norway",2019,"177th",18,2.1,1.1,3.3,1.9,1,1.3,0.6,0.8,0.9,1.2,2.8,1,-0.3,"NOR"
"Finland",2019,"178th",16.9,2.5,1.4,1.2,2.9,0.7,2,0.9,0.7,0.7,1,1.9,1,-1,"FIN"
